{
    "type": "FeatureCollection",
    "features": [
        {
            "type": "Feature",
            "geometry": {
                "type": "LineString",
                "coordinates": [
                    [
                        -3.221123,
                        48.786725
                    ],
                    [
                        -3.220674,
                        48.786986
                    ],
                    [
                        -3.220845,
                        48.787331
                    ],
                    [
                        -3.221096,
                        48.787645
                    ],
                    [
                        -3.221312,
                        48.787966
                    ],
                    [
                        -3.221581,
                        48.788268
                    ],
                    [
                        -3.221887,
                        48.788541
                    ],
                    [
                        -3.22221,
                        48.788809
                    ],
                    [
                        -3.222551,
                        48.789064
                    ],
                    [
                        -3.222902,
                        48.789313
                    ],
                    [
                        -3.223243,
                        48.789545
                    ],
                    [
                        -3.223584,
                        48.789824
                    ],
                    [
                        -3.224007,
                        48.790073
                    ],
                    [
                        -3.224375,
                        48.790376
                    ],
                    [
                        -3.224698,
                        48.790732
                    ],
                    [
                        -3.225004,
                        48.791135
                    ],
                    [
                        -3.22521,
                        48.791569
                    ],
                    [
                        -3.225201,
                        48.79202
                    ],
                    [
                        -3.225156,
                        48.792471
                    ],
                    [
                        -3.225075,
                        48.792945
                    ],
                    [
                        -3.224986,
                        48.793379
                    ],
                    [
                        -3.224815,
                        48.793824
                    ],
                    [
                        -3.224707,
                        48.794257
                    ],
                    [
                        -3.22477,
                        48.794696
                    ],
                    [
                        -3.224833,
                        48.795124
                    ],
                    [
                        -3.224815,
                        48.795539
                    ],
                    [
                        -3.224842,
                        48.795972
                    ],
                    [
                        -3.224968,
                        48.796429
                    ],
                    [
                        -3.225111,
                        48.796874
                    ],
                    [
                        -3.225273,
                        48.797373
                    ],
                    [
                        -3.22539,
                        48.797848
                    ],
                    [
                        -3.225381,
                        48.798311
                    ],
                    [
                        -3.225147,
                        48.798714
                    ],
                    [
                        -3.224554,
                        48.798975
                    ],
                    [
                        -3.22398,
                        48.799242
                    ],
                    [
                        -3.223324,
                        48.799432
                    ],
                    [
                        -3.222578,
                        48.799586
                    ],
                    [
                        -3.221752,
                        48.799705
                    ],
                    [
                        -3.221024,
                        48.799865
                    ],
                    [
                        -3.220413,
                        48.800073
                    ],
                    [
                        -3.219883,
                        48.800352
                    ],
                    [
                        -3.21938,
                        48.800619
                    ],
                    [
                        -3.218886,
                        48.80091
                    ],
                    [
                        -3.218392,
                        48.801201
                    ],
                    [
                        -3.217916,
                        48.801509
                    ],
                    [
                        -3.217467,
                        48.801841
                    ],
                    [
                        -3.216973,
                        48.802144
                    ],
                    [
                        -3.216479,
                        48.802441
                    ],
                    [
                        -3.215967,
                        48.802678
                    ],
                    [
                        -3.215536,
                        48.802993
                    ],
                    [
                        -3.215185,
                        48.803349
                    ],
                    [
                        -3.214835,
                        48.803711
                    ],
                    [
                        -3.214503,
                        48.80409
                    ],
                    [
                        -3.214215,
                        48.804446
                    ],
                    [
                        -3.213892,
                        48.804761
                    ],
                    [
                        -3.213595,
                        48.805105
                    ],
                    [
                        -3.213344,
                        48.805479
                    ],
                    [
                        -3.213021,
                        48.805835
                    ],
                    [
                        -3.212661,
                        48.806197
                    ],
                    [
                        -3.21232,
                        48.806541
                    ],
                    [
                        -3.211943,
                        48.806855
                    ],
                    [
                        -3.211619,
                        48.807211
                    ],
                    [
                        -3.211296,
                        48.807567
                    ],
                    [
                        -3.210865,
                        48.807846
                    ],
                    [
                        -3.210407,
                        48.808078
                    ],
                    [
                        -3.21002,
                        48.808351
                    ],
                    [
                        -3.209661,
                        48.80863
                    ],
                    [
                        -3.209257,
                        48.808902
                    ],
                    [
                        -3.208871,
                        48.809175
                    ],
                    [
                        -3.208529,
                        48.809496
                    ],
                    [
                        -3.208152,
                        48.809816
                    ],
                    [
                        -3.207766,
                        48.810148
                    ],
                    [
                        -3.207352,
                        48.810451
                    ],
                    [
                        -3.206948,
                        48.810765
                    ],
                    [
                        -3.206562,
                        48.811098
                    ],
                    [
                        -3.206131,
                        48.8114
                    ],
                    [
                        -3.205718,
                        48.811709
                    ],
                    [
                        -3.205268,
                        48.812017
                    ],
                    [
                        -3.204936,
                        48.812379
                    ],
                    [
                        -3.204622,
                        48.812735
                    ],
                    [
                        -3.204289,
                        48.813103
                    ],
                    [
                        -3.204011,
                        48.813489
                    ],
                    [
                        -3.203732,
                        48.813904
                    ],
                    [
                        -3.203427,
                        48.814284
                    ],
                    [
                        -3.203131,
                        48.814651
                    ],
                    [
                        -3.202816,
                        48.815025
                    ],
                    [
                        -3.202484,
                        48.815411
                    ],
                    [
                        -3.202178,
                        48.815814
                    ],
                    [
                        -3.202071,
                        48.816301
                    ],
                    [
                        -3.202169,
                        48.81684
                    ],
                    [
                        -3.202331,
                        48.817368
                    ],
                    [
                        -3.202421,
                        48.817825
                    ],
                    [
                        -3.20261,
                        48.818282
                    ],
                    [
                        -3.202762,
                        48.818762
                    ],
                    [
                        -3.202771,
                        48.819273
                    ],
                    [
                        -3.202717,
                        48.819771
                    ],
                    [
                        -3.202592,
                        48.820257
                    ],
                    [
                        -3.20243,
                        48.820779
                    ],
                    [
                        -3.202044,
                        48.821266
                    ],
                    [
                        -3.201711,
                        48.821717
                    ],
                    [
                        -3.201514,
                        48.82215
                    ],
                    [
                        -3.201361,
                        48.822452
                    ],
                    [
                        -3.201226,
                        48.822636
                    ],
                    [
                        -3.201091,
                        48.822974
                    ],
                    [
                        -3.20102,
                        48.823366
                    ],
                    [
                        -3.200966,
                        48.823793
                    ],
                    [
                        -3.200975,
                        48.824237
                    ],
                    [
                        -3.200975,
                        48.824688
                    ],
                    [
                        -3.201011,
                        48.825109
                    ],
                    [
                        -3.201046,
                        48.825542
                    ],
                    [
                        -3.201145,
                        48.825981
                    ],
                    [
                        -3.201253,
                        48.826426
                    ],
                    [
                        -3.201415,
                        48.826871
                    ],
                    [
                        -3.201406,
                        48.827316
                    ],
                    [
                        -3.201415,
                        48.827766
                    ],
                    [
                        -3.201343,
                        48.828205
                    ],
                    [
                        -3.201235,
                        48.82868
                    ],
                    [
                        -3.201145,
                        48.829131
                    ],
                    [
                        -3.201064,
                        48.829593
                    ],
                    [
                        -3.200966,
                        48.830038
                    ],
                    [
                        -3.200705,
                        48.830507
                    ],
                    [
                        -3.200319,
                        48.830987
                    ],
                    [
                        -3.200076,
                        48.831503
                    ],
                    [
                        -3.199816,
                        48.831971
                    ],
                    [
                        -3.199475,
                        48.832363
                    ],
                    [
                        -3.199187,
                        48.832819
                    ],
                    [
                        -3.198945,
                        48.833264
                    ],
                    [
                        -3.198765,
                        48.833727
                    ],
                    [
                        -3.198657,
                        48.834266
                    ],
                    [
                        -3.198477,
                        48.834788
                    ],
                    [
                        -3.198208,
                        48.835286
                    ],
                    [
                        -3.197992,
                        48.835814
                    ],
                    [
                        -3.197786,
                        48.836336
                    ],
                    [
                        -3.197624,
                        48.83687
                    ],
                    [
                        -3.197426,
                        48.837392
                    ],
                    [
                        -3.197265,
                        48.837907
                    ],
                    [
                        -3.197094,
                        48.838471
                    ],
                    [
                        -3.196869,
                        48.839028
                    ],
                    [
                        -3.196654,
                        48.839526
                    ],
                    [
                        -3.196519,
                        48.840001
                    ],
                    [
                        -3.196384,
                        48.840499
                    ],
                    [
                        -3.196322,
                        48.841003
                    ],
                    [
                        -3.196223,
                        48.841483
                    ],
                    [
                        -3.196061,
                        48.841951
                    ],
                    [
                        -3.195854,
                        48.842384
                    ],
                    [
                        -3.195675,
                        48.842835
                    ],
                    [
                        -3.195486,
                        48.843321
                    ],
                    [
                        -3.195262,
                        48.843778
                    ],
                    [
                        -3.195082,
                        48.84424
                    ],
                    [
                        -3.194911,
                        48.844708
                    ],
                    [
                        -3.194696,
                        48.845177
                    ],
                    [
                        -3.194498,
                        48.845633
                    ],
                    [
                        -3.194282,
                        48.846084
                    ],
                    [
                        -3.193977,
                        48.846505
                    ],
                    [
                        -3.193672,
                        48.846926
                    ],
                    [
                        -3.193267,
                        48.847341
                    ],
                    [
                        -3.192917,
                        48.847732
                    ],
                    [
                        -3.192468,
                        48.847957
                    ],
                    [
                        -3.192046,
                        48.848106
                    ],
                    [
                        -3.191668,
                        48.848248
                    ],
                    [
                        -3.191291,
                        48.848402
                    ],
                    [
                        -3.190986,
                        48.84858
                    ],
                    [
                        -3.190653,
                        48.848734
                    ],
                    [
                        -3.190348,
                        48.84887
                    ],
                    [
                        -3.189998,
                        48.849024
                    ],
                    [
                        -3.189647,
                        48.849173
                    ],
                    [
                        -3.189333,
                        48.849262
                    ],
                    [
                        -3.189019,
                        48.849398
                    ],
                    [
                        -3.188605,
                        48.849588
                    ],
                    [
                        -3.188183,
                        48.849706
                    ],
                    [
                        -3.187797,
                        48.849908
                    ],
                    [
                        -3.18733,
                        48.850169
                    ],
                    [
                        -3.1868,
                        48.850388
                    ],
                    [
                        -3.186225,
                        48.850601
                    ],
                    [
                        -3.185668,
                        48.850809
                    ],
                    [
                        -3.185129,
                        48.851005
                    ],
                    [
                        -3.184599,
                        48.85123
                    ],
                    [
                        -3.184114,
                        48.85152
                    ],
                    [
                        -3.183665,
                        48.851787
                    ],
                    [
                        -3.183153,
                        48.852089
                    ],
                    [
                        -3.182542,
                        48.85235
                    ],
                    [
                        -3.181976,
                        48.852664
                    ],
                    [
                        -3.181437,
                        48.852925
                    ],
                    [
                        -3.180925,
                        48.853228
                    ],
                    [
                        -3.180404,
                        48.853542
                    ],
                    [
                        -3.180027,
                        48.853933
                    ],
                    [
                        -3.17964,
                        48.854348
                    ],
                    [
                        -3.179344,
                        48.854804
                    ],
                    [
                        -3.179012,
                        48.855207
                    ],
                    [
                        -3.17876,
                        48.855605
                    ],
                    [
                        -3.178428,
                        48.856002
                    ],
                    [
                        -3.178122,
                        48.85644
                    ],
                    [
                        -3.177808,
                        48.857009
                    ],
                    [
                        -3.177377,
                        48.857573
                    ],
                    [
                        -3.176946,
                        48.858088
                    ],
                    [
                        -3.176586,
                        48.858562
                    ],
                    [
                        -3.176236,
                        48.859048
                    ],
                    [
                        -3.17585,
                        48.859452
                    ],
                    [
                        -3.175428,
                        48.859813
                    ],
                    [
                        -3.175041,
                        48.860175
                    ],
                    [
                        -3.17461,
                        48.860501
                    ],
                    [
                        -3.174224,
                        48.860833
                    ],
                    [
                        -3.173856,
                        48.861212
                    ],
                    [
                        -3.173469,
                        48.861686
                    ],
                    [
                        -3.17311,
                        48.862172
                    ],
                    [
                        -3.172832,
                        48.862557
                    ],
                    [
                        -3.172553,
                        48.862966
                    ],
                    [
                        -3.17223,
                        48.863351
                    ],
                    [
                        -3.171978,
                        48.863802
                    ],
                    [
                        -3.171574,
                        48.864223
                    ],
                    [
                        -3.171116,
                        48.864649
                    ],
                    [
                        -3.170739,
                        48.865124
                    ],
                    [
                        -3.170253,
                        48.86558
                    ],
                    [
                        -3.169786,
                        48.866001
                    ],
                    [
                        -3.169364,
                        48.866439
                    ],
                    [
                        -3.168834,
                        48.866777
                    ],
                    [
                        -3.168331,
                        48.867162
                    ],
                    [
                        -3.167801,
                        48.867553
                    ],
                    [
                        -3.167208,
                        48.86801
                    ],
                    [
                        -3.166562,
                        48.868448
                    ],
                    [
                        -3.165843,
                        48.868881
                    ],
                    [
                        -3.165205,
                        48.869373
                    ],
                    [
                        -3.164558,
                        48.869817
                    ],
                    [
                        -3.164091,
                        48.870208
                    ],
                    [
                        -3.163705,
                        48.870558
                    ],
                    [
                        -3.163301,
                        48.870973
                    ],
                    [
                        -3.162897,
                        48.871304
                    ],
                    [
                        -3.162501,
                        48.871654
                    ],
                    [
                        -3.16216,
                        48.871927
                    ],
                    [
                        -3.161684,
                        48.87233
                    ],
                    [
                        -3.1611,
                        48.872697
                    ],
                    [
                        -3.160624,
                        48.872999
                    ],
                    [
                        -3.160157,
                        48.873207
                    ],
                    [
                        -3.159726,
                        48.873432
                    ],
                    [
                        -3.159241,
                        48.873722
                    ],
                    [
                        -3.158684,
                        48.874012
                    ],
                    [
                        -3.158163,
                        48.874244
                    ],
                    [
                        -3.157633,
                        48.874492
                    ],
                    [
                        -3.15713,
                        48.874753
                    ],
                    [
                        -3.156456,
                        48.875138
                    ],
                    [
                        -3.155854,
                        48.87547
                    ],
                    [
                        -3.155261,
                        48.875826
                    ],
                    [
                        -3.154605,
                        48.876205
                    ],
                    [
                        -3.154048,
                        48.876614
                    ],
                    [
                        -3.153384,
                        48.877117
                    ],
                    [
                        -3.152683,
                        48.877651
                    ],
                    [
                        -3.151956,
                        48.878184
                    ],
                    [
                        -3.151237,
                        48.878676
                    ],
                    [
                        -3.150446,
                        48.879108
                    ],
                    [
                        -3.149683,
                        48.87947
                    ],
                    [
                        -3.148973,
                        48.879831
                    ],
                    [
                        -3.1483,
                        48.880263
                    ],
                    [
                        -3.147581,
                        48.88066
                    ],
                    [
                        -3.146844,
                        48.881051
                    ],
                    [
                        -3.146117,
                        48.881401
                    ],
                    [
                        -3.145371,
                        48.881727
                    ],
                    [
                        -3.144814,
                        48.882035
                    ],
                    [
                        -3.144114,
                        48.88242
                    ],
                    [
                        -3.143476,
                        48.882746
                    ],
                    [
                        -3.14291,
                        48.883113
                    ],
                    [
                        -3.142299,
                        48.883504
                    ],
                    [
                        -3.141715,
                        48.883842
                    ],
                    [
                        -3.141005,
                        48.884215
                    ],
                    [
                        -3.140467,
                        48.884517
                    ],
                    [
                        -3.140017,
                        48.884784
                    ],
                    [
                        -3.139451,
                        48.885086
                    ],
                    [
                        -3.138903,
                        48.885388
                    ],
                    [
                        -3.138302,
                        48.885714
                    ],
                    [
                        -3.137736,
                        48.88598
                    ],
                    [
                        -3.137305,
                        48.88569
                    ],
                    [
                        -3.136532,
                        48.885317
                    ],
                    [
                        -3.135706,
                        48.884896
                    ],
                    [
                        -3.134726,
                        48.884535
                    ],
                    [
                        -3.133801,
                        48.884185
                    ],
                    [
                        -3.132957,
                        48.883777
                    ],
                    [
                        -3.132148,
                        48.883421
                    ],
                    [
                        -3.13134,
                        48.883119
                    ],
                    [
                        -3.130666,
                        48.882888
                    ],
                    [
                        -3.129957,
                        48.882539
                    ],
                    [
                        -3.129229,
                        48.882236
                    ],
                    [
                        -3.128888,
                        48.882379
                    ],
                    [
                        -3.128367,
                        48.882687
                    ],
                    [
                        -3.127765,
                        48.883001
                    ],
                    [
                        -3.127127,
                        48.883374
                    ],
                    [
                        -3.126355,
                        48.883771
                    ],
                    [
                        -3.12578,
                        48.884162
                    ],
                    [
                        -3.125232,
                        48.884488
                    ],
                    [
                        -3.124702,
                        48.884861
                    ],
                    [
                        -3.124163,
                        48.885228
                    ],
                    [
                        -3.123696,
                        48.885619
                    ],
                    [
                        -3.123139,
                        48.886016
                    ],
                    [
                        -3.122699,
                        48.886354
                    ],
                    [
                        -3.122007,
                        48.886768
                    ],
                    [
                        -3.121432,
                        48.887177
                    ],
                    [
                        -3.12074,
                        48.887681
                    ],
                    [
                        -3.120013,
                        48.88816
                    ],
                    [
                        -3.11933,
                        48.888587
                    ],
                    [
                        -3.118728,
                        48.889031
                    ],
                    [
                        -3.118297,
                        48.889381
                    ],
                    [
                        -3.117731,
                        48.889813
                    ],
                    [
                        -3.117255,
                        48.890169
                    ],
                    [
                        -3.116878,
                        48.890453
                    ],
                    [
                        -3.116518,
                        48.890761
                    ],
                    [
                        -3.116105,
                        48.891069
                    ],
                    [
                        -3.115521,
                        48.891472
                    ],
                    [
                        -3.114812,
                        48.891898
                    ],
                    [
                        -3.113985,
                        48.892331
                    ],
                    [
                        -3.113482,
                        48.892325
                    ],
                    [
                        -3.113096,
                        48.892159
                    ],
                    [
                        -3.112422,
                        48.891809
                    ],
                    [
                        -3.111551,
                        48.89146
                    ],
                    [
                        -3.110733,
                        48.891199
                    ],
                    [
                        -3.109898,
                        48.890856
                    ],
                    [
                        -3.108991,
                        48.890494
                    ],
                    [
                        -3.108084,
                        48.890169
                    ],
                    [
                        -3.107212,
                        48.889855
                    ],
                    [
                        -3.106278,
                        48.889404
                    ],
                    [
                        -3.105326,
                        48.889079
                    ],
                    [
                        -3.104383,
                        48.888883
                    ],
                    [
                        -3.103403,
                        48.888634
                    ],
                    [
                        -3.102415,
                        48.888386
                    ],
                    [
                        -3.101445,
                        48.888172
                    ],
                    [
                        -3.100915,
                        48.888338
                    ],
                    [
                        -3.100439,
                        48.888794
                    ],
                    [
                        -3.099774,
                        48.889304
                    ],
                    [
                        -3.099164,
                        48.889831
                    ],
                    [
                        -3.098562,
                        48.89024
                    ],
                    [
                        -3.09787,
                        48.890719
                    ],
                    [
                        -3.097214,
                        48.891223
                    ],
                    [
                        -3.09663,
                        48.891744
                    ],
                    [
                        -3.09602,
                        48.892301
                    ],
                    [
                        -3.095301,
                        48.892864
                    ],
                    [
                        -3.094555,
                        48.893456
                    ],
                    [
                        -3.093828,
                        48.89406
                    ],
                    [
                        -3.093235,
                        48.894587
                    ],
                    [
                        -3.092642,
                        48.895109
                    ],
                    [
                        -3.092067,
                        48.895642
                    ],
                    [
                        -3.091384,
                        48.896204
                    ],
                    [
                        -3.090711,
                        48.896791
                    ],
                    [
                        -3.089956,
                        48.897442
                    ],
                    [
                        -3.089229,
                        48.898111
                    ],
                    [
                        -3.088492,
                        48.898787
                    ],
                    [
                        -3.087702,
                        48.899462
                    ],
                    [
                        -3.08692,
                        48.900101
                    ],
                    [
                        -3.086076,
                        48.900688
                    ],
                    [
                        -3.085276,
                        48.901197
                    ],
                    [
                        -3.084611,
                        48.90115
                    ],
                    [
                        -3.083893,
                        48.900936
                    ],
                    [
                        -3.083013,
                        48.900664
                    ],
                    [
                        -3.082006,
                        48.900362
                    ],
                    [
                        -3.080848,
                        48.900143
                    ],
                    [
                        -3.079878,
                        48.899965
                    ],
                    [
                        -3.078889,
                        48.899716
                    ],
                    [
                        -3.077856,
                        48.89948
                    ],
                    [
                        -3.076805,
                        48.899249
                    ],
                    [
                        -3.075701,
                        48.899018
                    ],
                    [
                        -3.074497,
                        48.898816
                    ],
                    [
                        -3.073509,
                        48.898751
                    ],
                    [
                        -3.073257,
                        48.899106
                    ],
                    [
                        -3.0727,
                        48.899728
                    ],
                    [
                        -3.072009,
                        48.900344
                    ],
                    [
                        -3.071218,
                        48.900919
                    ],
                    [
                        -3.070491,
                        48.901505
                    ],
                    [
                        -3.069772,
                        48.902044
                    ],
                    [
                        -3.069035,
                        48.902553
                    ],
                    [
                        -3.068335,
                        48.903074
                    ],
                    [
                        -3.067589,
                        48.903625
                    ],
                    [
                        -3.066942,
                        48.904253
                    ],
                    [
                        -3.066331,
                        48.904875
                    ],
                    [
                        -3.065757,
                        48.905455
                    ],
                    [
                        -3.065343,
                        48.906059
                    ],
                    [
                        -3.064939,
                        48.906693
                    ],
                    [
                        -3.064607,
                        48.907237
                    ],
                    [
                        -3.064301,
                        48.907812
                    ],
                    [
                        -3.063861,
                        48.908345
                    ],
                    [
                        -3.063484,
                        48.908777
                    ],
                    [
                        -3.06317,
                        48.909227
                    ],
                    [
                        -3.062819,
                        48.909677
                    ],
                    [
                        -3.062469,
                        48.91018
                    ],
                    [
                        -3.06211,
                        48.910689
                    ],
                    [
                        -3.061885,
                        48.911293
                    ],
                    [
                        -3.061571,
                        48.911897
                    ],
                    [
                        -3.061041,
                        48.912448
                    ],
                    [
                        -3.060187,
                        48.912916
                    ],
                    [
                        -3.059307,
                        48.913318
                    ],
                    [
                        -3.058454,
                        48.913715
                    ],
                    [
                        -3.057681,
                        48.914183
                    ],
                    [
                        -3.056873,
                        48.914674
                    ],
                    [
                        -3.056154,
                        48.915124
                    ],
                    [
                        -3.055462,
                        48.915651
                    ],
                    [
                        -3.054636,
                        48.916142
                    ],
                    [
                        -3.053684,
                        48.916551
                    ],
                    [
                        -3.052821,
                        48.916959
                    ],
                    [
                        -3.05204,
                        48.917409
                    ],
                    [
                        -3.051177,
                        48.917848
                    ],
                    [
                        -3.050297,
                        48.918286
                    ],
                    [
                        -3.049408,
                        48.918736
                    ],
                    [
                        -3.048483,
                        48.91912
                    ],
                    [
                        -3.047548,
                        48.919523
                    ],
                    [
                        -3.046605,
                        48.919902
                    ],
                    [
                        -3.045806,
                        48.920221
                    ],
                    [
                        -3.044952,
                        48.920588
                    ],
                    [
                        -3.043991,
                        48.920985
                    ],
                    [
                        -3.043219,
                        48.921299
                    ],
                    [
                        -3.042419,
                        48.921678
                    ],
                    [
                        -3.041512,
                        48.92211
                    ],
                    [
                        -3.040596,
                        48.922554
                    ],
                    [
                        -3.039635,
                        48.923016
                    ],
                    [
                        -3.038673,
                        48.923454
                    ],
                    [
                        -3.037811,
                        48.923898
                    ],
                    [
                        -3.036904,
                        48.924365
                    ],
                    [
                        -3.036086,
                        48.924815
                    ],
                    [
                        -3.035215,
                        48.925253
                    ],
                    [
                        -3.034353,
                        48.925679
                    ],
                    [
                        -3.033445,
                        48.92607
                    ],
                    [
                        -3.032457,
                        48.926526
                    ],
                    [
                        -3.031469,
                        48.926946
                    ],
                    [
                        -3.030481,
                        48.927307
                    ],
                    [
                        -3.029502,
                        48.927739
                    ],
                    [
                        -3.028541,
                        48.928077
                    ],
                    [
                        -3.027517,
                        48.928485
                    ],
                    [
                        -3.026565,
                        48.928905
                    ],
                    [
                        -3.025568,
                        48.929308
                    ],
                    [
                        -3.024552,
                        48.929698
                    ],
                    [
                        -3.023555,
                        48.930077
                    ],
                    [
                        -3.022576,
                        48.930474
                    ],
                    [
                        -3.021633,
                        48.930965
                    ],
                    [
                        -3.020645,
                        48.931527
                    ],
                    [
                        -3.019612,
                        48.932078
                    ],
                    [
                        -3.01866,
                        48.932604
                    ],
                    [
                        -3.017788,
                        48.933173
                    ],
                    [
                        -3.01698,
                        48.933735
                    ],
                    [
                        -3.016207,
                        48.934333
                    ],
                    [
                        -3.015435,
                        48.934883
                    ],
                    [
                        -3.014725,
                        48.935487
                    ],
                    [
                        -3.013971,
                        48.936043
                    ],
                    [
                        -3.013288,
                        48.936611
                    ],
                    [
                        -3.012462,
                        48.93715
                    ],
                    [
                        -3.011563,
                        48.937617
                    ],
                    [
                        -3.010746,
                        48.938144
                    ],
                    [
                        -3.009982,
                        48.938742
                    ],
                    [
                        -3.009228,
                        48.939357
                    ],
                    [
                        -3.008473,
                        48.939984
                    ],
                    [
                        -3.00771,
                        48.940582
                    ],
                    [
                        -3.006901,
                        48.941227
                    ],
                    [
                        -3.006012,
                        48.941706
                    ],
                    [
                        -3.005177,
                        48.942174
                    ],
                    [
                        -3.004323,
                        48.941848
                    ],
                    [
                        -3.003111,
                        48.941446
                    ],
                    [
                        -3.00197,
                        48.94115
                    ],
                    [
                        -3.000829,
                        48.940842
                    ],
                    [
                        -2.999742,
                        48.940529
                    ],
                    [
                        -2.998709,
                        48.94018
                    ],
                    [
                        -2.997658,
                        48.93986
                    ],
                    [
                        -2.996688,
                        48.93957
                    ],
                    [
                        -2.995673,
                        48.939304
                    ],
                    [
                        -2.994568,
                        48.939026
                    ],
                    [
                        -2.993463,
                        48.938747
                    ],
                    [
                        -2.992349,
                        48.938428
                    ],
                    [
                        -2.991478,
                        48.938162
                    ],
                    [
                        -2.99075,
                        48.937854
                    ],
                    [
                        -2.989879,
                        48.93754
                    ],
                    [
                        -2.988774,
                        48.937256
                    ],
                    [
                        -2.987705,
                        48.936919
                    ],
                    [
                        -2.98669,
                        48.936635
                    ],
                    [
                        -2.985765,
                        48.936315
                    ],
                    [
                        -2.984857,
                        48.935984
                    ],
                    [
                        -2.98395,
                        48.935682
                    ],
                    [
                        -2.983106,
                        48.935368
                    ],
                    [
                        -2.982172,
                        48.935061
                    ],
                    [
                        -2.981157,
                        48.934759
                    ],
                    [
                        -2.980151,
                        48.934481
                    ],
                    [
                        -2.979279,
                        48.934202
                    ],
                    [
                        -2.978237,
                        48.933918
                    ],
                    [
                        -2.977222,
                        48.933587
                    ],
                    [
                        -2.97627,
                        48.933285
                    ],
                    [
                        -2.975165,
                        48.932965
                    ],
                    [
                        -2.974123,
                        48.932658
                    ],
                    [
                        -2.973243,
                        48.932279
                    ],
                    [
                        -2.972318,
                        48.931965
                    ],
                    [
                        -2.971455,
                        48.931669
                    ],
                    [
                        -2.970665,
                        48.931314
                    ],
                    [
                        -2.969748,
                        48.931018
                    ],
                    [
                        -2.968814,
                        48.930699
                    ],
                    [
                        -2.967889,
                        48.930361
                    ],
                    [
                        -2.966973,
                        48.930054
                    ],
                    [
                        -2.96594,
                        48.929728
                    ],
                    [
                        -2.96497,
                        48.92942
                    ],
                    [
                        -2.964089,
                        48.929071
                    ],
                    [
                        -2.963353,
                        48.928816
                    ],
                    [
                        -2.962616,
                        48.928532
                    ],
                    [
                        -2.961835,
                        48.928242
                    ],
                    [
                        -2.960873,
                        48.927952
                    ],
                    [
                        -2.959885,
                        48.927662
                    ],
                    [
                        -2.958906,
                        48.927343
                    ],
                    [
                        -2.957873,
                        48.927047
                    ],
                    [
                        -2.956795,
                        48.926727
                    ],
                    [
                        -2.955798,
                        48.926425
                    ],
                    [
                        -2.954846,
                        48.926082
                    ],
                    [
                        -2.953867,
                        48.925733
                    ],
                    [
                        -2.952861,
                        48.925431
                    ],
                    [
                        -2.951846,
                        48.925117
                    ],
                    [
                        -2.950867,
                        48.924762
                    ],
                    [
                        -2.949896,
                        48.924466
                    ],
                    [
                        -2.948836,
                        48.92414
                    ],
                    [
                        -2.947839,
                        48.923821
                    ],
                    [
                        -2.94686,
                        48.923507
                    ],
                    [
                        -2.946043,
                        48.923223
                    ],
                    [
                        -2.945297,
                        48.922909
                    ],
                    [
                        -2.94448,
                        48.922607
                    ],
                    [
                        -2.94368,
                        48.922341
                    ],
                    [
                        -2.942854,
                        48.922027
                    ],
                    [
                        -2.942045,
                        48.921761
                    ],
                    [
                        -2.941228,
                        48.921512
                    ],
                    [
                        -2.94042,
                        48.921228
                    ],
                    [
                        -2.939611,
                        48.920944
                    ],
                    [
                        -2.938758,
                        48.92063
                    ],
                    [
                        -2.937886,
                        48.920346
                    ],
                    [
                        -2.936988,
                        48.920044
                    ],
                    [
                        -2.936036,
                        48.919783
                    ],
                    [
                        -2.935012,
                        48.919487
                    ],
                    [
                        -2.933997,
                        48.919221
                    ],
                    [
                        -2.932928,
                        48.918913
                    ],
                    [
                        -2.931787,
                        48.918623
                    ],
                    [
                        -2.930781,
                        48.918244
                    ],
                    [
                        -2.929802,
                        48.917883
                    ],
                    [
                        -2.928796,
                        48.917546
                    ],
                    [
                        -2.927781,
                        48.917208
                    ],
                    [
                        -2.926784,
                        48.916871
                    ],
                    [
                        -2.925787,
                        48.916527
                    ],
                    [
                        -2.924825,
                        48.916178
                    ],
                    [
                        -2.9239,
                        48.915846
                    ],
                    [
                        -2.922966,
                        48.915497
                    ],
                    [
                        -2.921996,
                        48.915166
                    ],
                    [
                        -2.921125,
                        48.914804
                    ],
                    [
                        -2.920181,
                        48.914485
                    ],
                    [
                        -2.919193,
                        48.914177
                    ],
                    [
                        -2.918133,
                        48.913893
                    ],
                    [
                        -2.917091,
                        48.913549
                    ],
                    [
                        -2.91613,
                        48.913176
                    ],
                    [
                        -2.915232,
                        48.912797
                    ],
                    [
                        -2.914432,
                        48.912472
                    ],
                    [
                        -2.913534,
                        48.91217
                    ],
                    [
                        -2.91269,
                        48.911868
                    ],
                    [
                        -2.911809,
                        48.911572
                    ],
                    [
                        -2.910956,
                        48.911305
                    ],
                    [
                        -2.910049,
                        48.911015
                    ],
                    [
                        -2.909204,
                        48.910683
                    ],
                    [
                        -2.908333,
                        48.910387
                    ],
                    [
                        -2.907372,
                        48.910097
                    ],
                    [
                        -2.906483,
                        48.909778
                    ],
                    [
                        -2.905477,
                        48.909452
                    ],
                    [
                        -2.904426,
                        48.909144
                    ],
                    [
                        -2.903446,
                        48.908777
                    ],
                    [
                        -2.902395,
                        48.908451
                    ],
                    [
                        -2.90138,
                        48.908108
                    ],
                    [
                        -2.900455,
                        48.907741
                    ],
                    [
                        -2.899539,
                        48.907373
                    ],
                    [
                        -2.898596,
                        48.907024
                    ],
                    [
                        -2.897715,
                        48.906663
                    ],
                    [
                        -2.896799,
                        48.906314
                    ],
                    [
                        -2.895838,
                        48.906012
                    ],
                    [
                        -2.894958,
                        48.905662
                    ],
                    [
                        -2.894032,
                        48.905319
                    ],
                    [
                        -2.893017,
                        48.905034
                    ],
                    [
                        -2.892047,
                        48.904738
                    ],
                    [
                        -2.891095,
                        48.904419
                    ],
                    [
                        -2.890242,
                        48.904075
                    ],
                    [
                        -2.889361,
                        48.903779
                    ],
                    [
                        -2.888391,
                        48.903501
                    ],
                    [
                        -2.887376,
                        48.903216
                    ],
                    [
                        -2.886451,
                        48.902873
                    ],
                    [
                        -2.88558,
                        48.902547
                    ],
                    [
                        -2.884762,
                        48.902233
                    ],
                    [
                        -2.883882,
                        48.901943
                    ],
                    [
                        -2.883011,
                        48.901671
                    ],
                    [
                        -2.882058,
                        48.90144
                    ],
                    [
                        -2.881106,
                        48.901191
                    ],
                    [
                        -2.880181,
                        48.900919
                    ],
                    [
                        -2.87931,
                        48.900628
                    ],
                    [
                        -2.878322,
                        48.900397
                    ],
                    [
                        -2.877324,
                        48.900137
                    ],
                    [
                        -2.876354,
                        48.899859
                    ],
                    [
                        -2.875411,
                        48.899574
                    ],
                    [
                        -2.874423,
                        48.89932
                    ],
                    [
                        -2.873525,
                        48.899035
                    ],
                    [
                        -2.872537,
                        48.898787
                    ],
                    [
                        -2.871548,
                        48.898508
                    ],
                    [
                        -2.870632,
                        48.898218
                    ],
                    [
                        -2.869671,
                        48.897928
                    ],
                    [
                        -2.868656,
                        48.897667
                    ],
                    [
                        -2.867605,
                        48.897436
                    ],
                    [
                        -2.866554,
                        48.897199
                    ],
                    [
                        -2.865629,
                        48.896933
                    ],
                    [
                        -2.86421,
                        48.896518
                    ],
                    [
                        -2.863185,
                        48.896216
                    ],
                    [
                        -2.862135,
                        48.895997
                    ],
                    [
                        -2.861003,
                        48.895748
                    ],
                    [
                        -2.859835,
                        48.895517
                    ],
                    [
                        -2.858703,
                        48.895257
                    ],
                    [
                        -2.857616,
                        48.895049
                    ],
                    [
                        -2.856493,
                        48.894878
                    ],
                    [
                        -2.855433,
                        48.894688
                    ],
                    [
                        -2.854418,
                        48.894481
                    ],
                    [
                        -2.853448,
                        48.894273
                    ],
                    [
                        -2.852541,
                        48.894072
                    ],
                    [
                        -2.851526,
                        48.893948
                    ],
                    [
                        -2.850637,
                        48.893859
                    ],
                    [
                        -2.849666,
                        48.893705
                    ],
                    [
                        -2.848642,
                        48.893503
                    ],
                    [
                        -2.847555,
                        48.893255
                    ],
                    [
                        -2.846469,
                        48.892976
                    ],
                    [
                        -2.845328,
                        48.892769
                    ],
                    [
                        -2.844187,
                        48.892538
                    ],
                    [
                        -2.8431,
                        48.892265
                    ],
                    [
                        -2.841968,
                        48.892029
                    ],
                    [
                        -2.840917,
                        48.89175
                    ],
                    [
                        -2.839758,
                        48.891626
                    ],
                    [
                        -2.838627,
                        48.891513
                    ],
                    [
                        -2.837504,
                        48.891389
                    ],
                    [
                        -2.836417,
                        48.891259
                    ],
                    [
                        -2.835411,
                        48.89114
                    ],
                    [
                        -2.834396,
                        48.890915
                    ],
                    [
                        -2.833291,
                        48.890767
                    ],
                    [
                        -2.832204,
                        48.890554
                    ],
                    [
                        -2.831027,
                        48.890317
                    ],
                    [
                        -2.829823,
                        48.890127
                    ],
                    [
                        -2.828727,
                        48.889955
                    ],
                    [
                        -2.827632,
                        48.889801
                    ],
                    [
                        -2.826518,
                        48.889618
                    ],
                    [
                        -2.825386,
                        48.889434
                    ],
                    [
                        -2.824353,
                        48.889298
                    ],
                    [
                        -2.823293,
                        48.889091
                    ],
                    [
                        -2.822098,
                        48.888859
                    ],
                    [
                        -2.820886,
                        48.888711
                    ],
                    [
                        -2.819835,
                        48.888557
                    ],
                    [
                        -2.818819,
                        48.888421
                    ],
                    [
                        -2.817777,
                        48.888291
                    ],
                    [
                        -2.816646,
                        48.888131
                    ],
                    [
                        -2.815505,
                        48.887847
                    ],
                    [
                        -2.814301,
                        48.887651
                    ],
                    [
                        -2.813124,
                        48.887438
                    ],
                    [
                        -2.811975,
                        48.887136
                    ],
                    [
                        -2.810861,
                        48.886745
                    ],
                    [
                        -2.80972,
                        48.886389
                    ],
                    [
                        -2.80857,
                        48.886117
                    ],
                    [
                        -2.807366,
                        48.885975
                    ],
                    [
                        -2.80619,
                        48.885844
                    ],
                    [
                        -2.804977,
                        48.885625
                    ],
                    [
                        -2.803854,
                        48.885353
                    ],
                    [
                        -2.802722,
                        48.885068
                    ],
                    [
                        -2.801599,
                        48.884914
                    ],
                    [
                        -2.800459,
                        48.884624
                    ],
                    [
                        -2.799291,
                        48.884505
                    ],
                    [
                        -2.798132,
                        48.884351
                    ],
                    [
                        -2.796937,
                        48.884191
                    ],
                    [
                        -2.795761,
                        48.883931
                    ],
                    [
                        -2.794611,
                        48.883688
                    ],
                    [
                        -2.793542,
                        48.883208
                    ],
                    [
                        -2.79241,
                        48.883018
                    ],
                    [
                        -2.791296,
                        48.882864
                    ],
                    [
                        -2.790173,
                        48.882645
                    ],
                    [
                        -2.788988,
                        48.882432
                    ],
                    [
                        -2.787793,
                        48.882225
                    ],
                    [
                        -2.786616,
                        48.881952
                    ],
                    [
                        -2.78552,
                        48.881745
                    ],
                    [
                        -2.784415,
                        48.881537
                    ],
                    [
                        -2.783337,
                        48.881253
                    ],
                    [
                        -2.782197,
                        48.880963
                    ],
                    [
                        -2.781074,
                        48.880708
                    ],
                    [
                        -2.779942,
                        48.880459
                    ],
                    [
                        -2.778783,
                        48.880323
                    ],
                    [
                        -2.77766,
                        48.879961
                    ],
                    [
                        -2.776493,
                        48.879677
                    ],
                    [
                        -2.775325,
                        48.879393
                    ],
                    [
                        -2.774139,
                        48.879197
                    ],
                    [
                        -2.773007,
                        48.878948
                    ],
                    [
                        -2.771857,
                        48.878682
                    ],
                    [
                        -2.770699,
                        48.878391
                    ],
                    [
                        -2.76954,
                        48.878225
                    ],
                    [
                        -2.768408,
                        48.877852
                    ],
                    [
                        -2.767213,
                        48.877645
                    ],
                    [
                        -2.766108,
                        48.87752
                    ],
                    [
                        -2.764986,
                        48.877177
                    ],
                    [
                        -2.76389,
                        48.876726
                    ],
                    [
                        -2.762677,
                        48.876495
                    ],
                    [
                        -2.761545,
                        48.876187
                    ],
                    [
                        -2.760485,
                        48.875843
                    ],
                    [
                        -2.759371,
                        48.875583
                    ],
                    [
                        -2.75832,
                        48.875138
                    ],
                    [
                        -2.757162,
                        48.874842
                    ],
                    [
                        -2.755994,
                        48.874504
                    ],
                    [
                        -2.754862,
                        48.874184
                    ],
                    [
                        -2.753757,
                        48.873894
                    ],
                    [
                        -2.752616,
                        48.873675
                    ],
                    [
                        -2.751493,
                        48.873538
                    ],
                    [
                        -2.750389,
                        48.873396
                    ],
                    [
                        -2.749266,
                        48.873254
                    ],
                    [
                        -2.748125,
                        48.872922
                    ],
                    [
                        -2.747002,
                        48.872709
                    ],
                    [
                        -2.745861,
                        48.872407
                    ],
                    [
                        -2.744783,
                        48.872057
                    ],
                    [
                        -2.743687,
                        48.871897
                    ],
                    [
                        -2.742556,
                        48.871636
                    ],
                    [
                        -2.741514,
                        48.871233
                    ],
                    [
                        -2.7404,
                        48.871026
                    ],
                    [
                        -2.739286,
                        48.870955
                    ],
                    [
                        -2.738172,
                        48.870824
                    ],
                    [
                        -2.737049,
                        48.87051
                    ],
                    [
                        -2.736025,
                        48.870102
                    ],
                    [
                        -2.735001,
                        48.869734
                    ],
                    [
                        -2.733914,
                        48.869456
                    ],
                    [
                        -2.7328,
                        48.869165
                    ],
                    [
                        -2.731713,
                        48.868827
                    ],
                    [
                        -2.730644,
                        48.868496
                    ],
                    [
                        -2.729557,
                        48.868312
                    ],
                    [
                        -2.72847,
                        48.867986
                    ],
                    [
                        -2.727375,
                        48.867725
                    ],
                    [
                        -2.726333,
                        48.867393
                    ],
                    [
                        -2.725264,
                        48.867127
                    ],
                    [
                        -2.724267,
                        48.86673
                    ],
                    [
                        -2.723251,
                        48.866481
                    ],
                    [
                        -2.722227,
                        48.866149
                    ],
                    [
                        -2.721203,
                        48.865799
                    ],
                    [
                        -2.720467,
                        48.86523
                    ],
                    [
                        -2.719353,
                        48.864952
                    ],
                    [
                        -2.718284,
                        48.864655
                    ],
                    [
                        -2.717224,
                        48.864395
                    ],
                    [
                        -2.716191,
                        48.864051
                    ],
                    [
                        -2.715185,
                        48.863648
                    ],
                    [
                        -2.714089,
                        48.863393
                    ],
                    [
                        -2.713182,
                        48.862895
                    ],
                    [
                        -2.712248,
                        48.862486
                    ],
                    [
                        -2.711224,
                        48.862136
                    ],
                    [
                        -2.710164,
                        48.861733
                    ],
                    [
                        -2.709086,
                        48.861443
                    ],
                    [
                        -2.708106,
                        48.86104
                    ],
                    [
                        -2.707002,
                        48.860821
                    ],
                    [
                        -2.705969,
                        48.8604
                    ],
                    [
                        -2.704945,
                        48.860103
                    ],
                    [
                        -2.70392,
                        48.859766
                    ],
                    [
                        -2.70287,
                        48.859469
                    ],
                    [
                        -2.701944,
                        48.858983
                    ],
                    [
                        -2.700938,
                        48.858616
                    ],
                    [
                        -2.699977,
                        48.858177
                    ],
                    [
                        -2.698926,
                        48.857816
                    ],
                    [
                        -2.698073,
                        48.857306
                    ],
                    [
                        -2.697004,
                        48.857027
                    ],
                    [
                        -2.696025,
                        48.856583
                    ],
                    [
                        -2.695019,
                        48.856239
                    ],
                    [
                        -2.694003,
                        48.855919
                    ],
                    [
                        -2.692997,
                        48.855533
                    ],
                    [
                        -2.691964,
                        48.855219
                    ],
                    [
                        -2.691039,
                        48.854757
                    ],
                    [
                        -2.690042,
                        48.854449
                    ],
                    [
                        -2.689027,
                        48.854129
                    ],
                    [
                        -2.687958,
                        48.853808
                    ],
                    [
                        -2.687033,
                        48.853334
                    ],
                    [
                        -2.685982,
                        48.853056
                    ],
                    [
                        -2.684967,
                        48.852658
                    ],
                    [
                        -2.683961,
                        48.852249
                    ],
                    [
                        -2.683,
                        48.851888
                    ],
                    [
                        -2.681949,
                        48.851556
                    ],
                    [
                        -2.680853,
                        48.851271
                    ],
                    [
                        -2.67982,
                        48.850981
                    ],
                    [
                        -2.678805,
                        48.850673
                    ],
                    [
                        -2.677745,
                        48.850394
                    ],
                    [
                        -2.67673,
                        48.850056
                    ],
                    [
                        -2.675706,
                        48.849641
                    ],
                    [
                        -2.674708,
                        48.849273
                    ],
                    [
                        -2.673657,
                        48.848995
                    ],
                    [
                        -2.672714,
                        48.848586
                    ],
                    [
                        -2.67169,
                        48.848218
                    ],
                    [
                        -2.670612,
                        48.847916
                    ],
                    [
                        -2.66957,
                        48.847667
                    ],
                    [
                        -2.668564,
                        48.847276
                    ],
                    [
                        -2.667531,
                        48.846979
                    ],
                    [
                        -2.666516,
                        48.846576
                    ],
                    [
                        -2.665438,
                        48.846226
                    ],
                    [
                        -2.664387,
                        48.845876
                    ],
                    [
                        -2.663462,
                        48.845426
                    ],
                    [
                        -2.662447,
                        48.8451
                    ],
                    [
                        -2.661441,
                        48.844702
                    ],
                    [
                        -2.660498,
                        48.844317
                    ],
                    [
                        -2.65951,
                        48.843932
                    ],
                    [
                        -2.658503,
                        48.843546
                    ],
                    [
                        -2.65756,
                        48.843143
                    ],
                    [
                        -2.656545,
                        48.842829
                    ],
                    [
                        -2.655557,
                        48.842455
                    ],
                    [
                        -2.654578,
                        48.84207
                    ],
                    [
                        -2.653563,
                        48.841702
                    ],
                    [
                        -2.652611,
                        48.841323
                    ],
                    [
                        -2.651623,
                        48.840967
                    ],
                    [
                        -2.650599,
                        48.84076
                    ],
                    [
                        -2.649566,
                        48.840428
                    ],
                    [
                        -2.64882,
                        48.8399
                    ],
                    [
                        -2.647805,
                        48.839556
                    ],
                    [
                        -2.64688,
                        48.839176
                    ],
                    [
                        -2.645811,
                        48.83907
                    ],
                    [
                        -2.644814,
                        48.838755
                    ],
                    [
                        -2.643817,
                        48.838489
                    ],
                    [
                        -2.642766,
                        48.838204
                    ],
                    [
                        -2.641786,
                        48.837836
                    ],
                    [
                        -2.640762,
                        48.837522
                    ],
                    [
                        -2.639855,
                        48.837125
                    ],
                    [
                        -2.638867,
                        48.836763
                    ],
                    [
                        -2.637825,
                        48.836549
                    ],
                    [
                        -2.636855,
                        48.836182
                    ],
                    [
                        -2.635948,
                        48.835844
                    ],
                    [
                        -2.63496,
                        48.835553
                    ],
                    [
                        -2.633989,
                        48.835251
                    ],
                    [
                        -2.633136,
                        48.834788
                    ],
                    [
                        -2.632265,
                        48.834403
                    ],
                    [
                        -2.631366,
                        48.834041
                    ],
                    [
                        -2.630513,
                        48.833602
                    ],
                    [
                        -2.629597,
                        48.833229
                    ],
                    [
                        -2.628672,
                        48.832891
                    ],
                    [
                        -2.627764,
                        48.832558
                    ],
                    [
                        -2.626848,
                        48.832274
                    ],
                    [
                        -2.625923,
                        48.83196
                    ],
                    [
                        -2.62498,
                        48.831663
                    ],
                    [
                        -2.624019,
                        48.831414
                    ],
                    [
                        -2.623102,
                        48.831088
                    ],
                    [
                        -2.62215,
                        48.830785
                    ],
                    [
                        -2.621189,
                        48.830453
                    ],
                    [
                        -2.62021,
                        48.830157
                    ],
                    [
                        -2.619285,
                        48.829777
                    ],
                    [
                        -2.618314,
                        48.829386
                    ],
                    [
                        -2.61738,
                        48.829042
                    ],
                    [
                        -2.616392,
                        48.828775
                    ],
                    [
                        -2.615575,
                        48.828318
                    ],
                    [
                        -2.614838,
                        48.827808
                    ],
                    [
                        -2.613841,
                        48.827541
                    ],
                    [
                        -2.612853,
                        48.827197
                    ],
                    [
                        -2.611937,
                        48.826812
                    ],
                    [
                        -2.611038,
                        48.826444
                    ],
                    [
                        -2.610068,
                        48.826171
                    ],
                    [
                        -2.609044,
                        48.825963
                    ],
                    [
                        -2.608047,
                        48.825679
                    ],
                    [
                        -2.607409,
                        48.825157
                    ],
                    [
                        -2.606448,
                        48.825003
                    ],
                    [
                        -2.605478,
                        48.824753
                    ],
                    [
                        -2.604616,
                        48.824338
                    ],
                    [
                        -2.603726,
                        48.823959
                    ],
                    [
                        -2.602738,
                        48.823698
                    ],
                    [
                        -2.601822,
                        48.823277
                    ],
                    [
                        -2.601292,
                        48.822672
                    ],
                    [
                        -2.600789,
                        48.822031
                    ],
                    [
                        -2.599873,
                        48.821622
                    ],
                    [
                        -2.599136,
                        48.821141
                    ],
                    [
                        -2.599109,
                        48.820536
                    ],
                    [
                        -2.598256,
                        48.820156
                    ],
                    [
                        -2.597259,
                        48.819848
                    ],
                    [
                        -2.596378,
                        48.819522
                    ],
                    [
                        -2.595687,
                        48.819047
                    ],
                    [
                        -2.594797,
                        48.818721
                    ],
                    [
                        -2.593899,
                        48.818323
                    ],
                    [
                        -2.592947,
                        48.818045
                    ],
                    [
                        -2.592103,
                        48.817641
                    ],
                    [
                        -2.591303,
                        48.817196
                    ],
                    [
                        -2.590441,
                        48.816805
                    ],
                    [
                        -2.589569,
                        48.81649
                    ],
                    [
                        -2.589776,
                        48.815802
                    ],
                    [
                        -2.589237,
                        48.815328
                    ],
                    [
                        -2.588429,
                        48.814829
                    ],
                    [
                        -2.587575,
                        48.814384
                    ],
                    [
                        -2.587153,
                        48.813744
                    ],
                    [
                        -2.586363,
                        48.813447
                    ],
                    [
                        -2.585428,
                        48.813204
                    ],
                    [
                        -2.584611,
                        48.812777
                    ],
                    [
                        -2.583829,
                        48.81232
                    ],
                    [
                        -2.58321,
                        48.811822
                    ],
                    [
                        -2.582302,
                        48.811454
                    ],
                    [
                        -2.581305,
                        48.811204
                    ],
                    [
                        -2.580299,
                        48.810896
                    ],
                    [
                        -2.579509,
                        48.810451
                    ],
                    [
                        -2.578619,
                        48.810048
                    ],
                    [
                        -2.577703,
                        48.809751
                    ],
                    [
                        -2.576751,
                        48.80946
                    ],
                    [
                        -2.57588,
                        48.80908
                    ],
                    [
                        -2.574999,
                        48.808671
                    ],
                    [
                        -2.574173,
                        48.808268
                    ],
                    [
                        -2.573293,
                        48.807923
                    ],
                    [
                        -2.57234,
                        48.807775
                    ],
                    [
                        -2.571406,
                        48.80768
                    ],
                    [
                        -2.570481,
                        48.807633
                    ],
                    [
                        -2.569538,
                        48.807265
                    ],
                    [
                        -2.56881,
                        48.806755
                    ],
                    [
                        -2.568289,
                        48.806155
                    ],
                    [
                        -2.567373,
                        48.805888
                    ],
                    [
                        -2.566394,
                        48.805776
                    ],
                    [
                        -2.565478,
                        48.805603
                    ],
                    [
                        -2.564552,
                        48.805354
                    ],
                    [
                        -2.563672,
                        48.805075
                    ],
                    [
                        -2.562873,
                        48.804666
                    ],
                    [
                        -2.56192,
                        48.804375
                    ],
                    [
                        -2.560959,
                        48.804156
                    ],
                    [
                        -2.560007,
                        48.803853
                    ],
                    [
                        -2.559118,
                        48.803527
                    ],
                    [
                        -2.558211,
                        48.803272
                    ],
                    [
                        -2.557267,
                        48.802993
                    ],
                    [
                        -2.556486,
                        48.802696
                    ],
                    [
                        -2.555552,
                        48.802423
                    ],
                    [
                        -2.554546,
                        48.802144
                    ],
                    [
                        -2.553611,
                        48.801954
                    ],
                    [
                        -2.552713,
                        48.80164
                    ],
                    [
                        -2.551725,
                        48.801426
                    ],
                    [
                        -2.550692,
                        48.801224
                    ],
                    [
                        -2.549776,
                        48.80091
                    ],
                    [
                        -2.548886,
                        48.800583
                    ],
                    [
                        -2.547898,
                        48.800322
                    ],
                    [
                        -2.546946,
                        48.80002
                    ],
                    [
                        -2.546093,
                        48.799664
                    ],
                    [
                        -2.545221,
                        48.79929
                    ],
                    [
                        -2.544233,
                        48.799183
                    ],
                    [
                        -2.543281,
                        48.79894
                    ],
                    [
                        -2.54232,
                        48.798673
                    ],
                    [
                        -2.541386,
                        48.798453
                    ],
                    [
                        -2.540434,
                        48.798216
                    ],
                    [
                        -2.539571,
                        48.797848
                    ],
                    [
                        -2.538646,
                        48.797557
                    ],
                    [
                        -2.537703,
                        48.797284
                    ],
                    [
                        -2.536724,
                        48.797106
                    ],
                    [
                        -2.535807,
                        48.79688
                    ],
                    [
                        -2.534873,
                        48.796714
                    ],
                    [
                        -2.533984,
                        48.796512
                    ],
                    [
                        -2.532978,
                        48.796328
                    ],
                    [
                        -2.532053,
                        48.796008
                    ],
                    [
                        -2.5311,
                        48.795699
                    ],
                    [
                        -2.530103,
                        48.795551
                    ],
                    [
                        -2.529169,
                        48.79542
                    ],
                    [
                        -2.528271,
                        48.795207
                    ],
                    [
                        -2.527319,
                        48.795005
                    ],
                    [
                        -2.526402,
                        48.794779
                    ],
                    [
                        -2.525585,
                        48.794411
                    ],
                    [
                        -2.524651,
                        48.794132
                    ],
                    [
                        -2.523726,
                        48.793937
                    ],
                    [
                        -2.522791,
                        48.79364
                    ],
                    [
                        -2.521938,
                        48.793278
                    ],
                    [
                        -2.52104,
                        48.792945
                    ],
                    [
                        -2.520097,
                        48.792726
                    ],
                    [
                        -2.519198,
                        48.792542
                    ],
                    [
                        -2.518246,
                        48.792376
                    ],
                    [
                        -2.517294,
                        48.792079
                    ],
                    [
                        -2.516351,
                        48.791782
                    ],
                    [
                        -2.515399,
                        48.791509
                    ],
                    [
                        -2.514545,
                        48.791135
                    ],
                    [
                        -2.513665,
                        48.790773
                    ],
                    [
                        -2.512731,
                        48.790435
                    ],
                    [
                        -2.511814,
                        48.790061
                    ],
                    [
                        -2.510844,
                        48.789966
                    ],
                    [
                        -2.509928,
                        48.78964
                    ],
                    [
                        -2.508958,
                        48.789461
                    ],
                    [
                        -2.508015,
                        48.789402
                    ],
                    [
                        -2.507071,
                        48.789182
                    ],
                    [
                        -2.506209,
                        48.788791
                    ],
                    [
                        -2.505293,
                        48.788411
                    ],
                    [
                        -2.504341,
                        48.788114
                    ],
                    [
                        -2.503317,
                        48.788055
                    ],
                    [
                        -2.50232,
                        48.787983
                    ],
                    [
                        -2.501358,
                        48.78771
                    ],
                    [
                        -2.500379,
                        48.787479
                    ],
                    [
                        -2.499427,
                        48.787277
                    ],
                    [
                        -2.498502,
                        48.786897
                    ],
                    [
                        -2.497541,
                        48.786553
                    ],
                    [
                        -2.496544,
                        48.786405
                    ],
                    [
                        -2.495708,
                        48.785965
                    ],
                    [
                        -2.494873,
                        48.785473
                    ],
                    [
                        -2.493903,
                        48.78514
                    ],
                    [
                        -2.492959,
                        48.784772
                    ],
                    [
                        -2.492187,
                        48.784303
                    ],
                    [
                        -2.491316,
                        48.783917
                    ],
                    [
                        -2.490381,
                        48.783603
                    ],
                    [
                        -2.489564,
                        48.783187
                    ],
                    [
                        -2.4888,
                        48.782724
                    ],
                    [
                        -2.487821,
                        48.782398
                    ],
                    [
                        -2.486833,
                        48.782184
                    ],
                    [
                        -2.485872,
                        48.781893
                    ],
                    [
                        -2.484857,
                        48.781602
                    ],
                    [
                        -2.483878,
                        48.781442
                    ],
                    [
                        -2.482908,
                        48.781246
                    ],
                    [
                        -2.481956,
                        48.780919
                    ],
                    [
                        -2.480985,
                        48.780706
                    ],
                    [
                        -2.480123,
                        48.780296
                    ],
                    [
                        -2.479153,
                        48.780053
                    ],
                    [
                        -2.478111,
                        48.779898
                    ],
                    [
                        -2.477123,
                        48.779833
                    ],
                    [
                        -2.47635,
                        48.779317
                    ],
                    [
                        -2.475416,
                        48.778895
                    ],
                    [
                        -2.474545,
                        48.778658
                    ],
                    [
                        -2.473521,
                        48.778485
                    ],
                    [
                        -2.472506,
                        48.77829
                    ],
                    [
                        -2.471562,
                        48.778028
                    ],
                    [
                        -2.470547,
                        48.777904
                    ],
                    [
                        -2.469595,
                        48.777613
                    ],
                    [
                        -2.469029,
                        48.777025
                    ],
                    [
                        -2.468257,
                        48.776592
                    ],
                    [
                        -2.467376,
                        48.776235
                    ],
                    [
                        -2.466496,
                        48.775778
                    ],
                    [
                        -2.465544,
                        48.775624
                    ],
                    [
                        -2.464771,
                        48.775107
                    ],
                    [
                        -2.463756,
                        48.774947
                    ],
                    [
                        -2.462894,
                        48.774508
                    ],
                    [
                        -2.461906,
                        48.774252
                    ],
                    [
                        -2.460936,
                        48.773932
                    ],
                    [
                        -2.460127,
                        48.77348
                    ],
                    [
                        -2.459157,
                        48.773166
                    ],
                    [
                        -2.458268,
                        48.772726
                    ],
                    [
                        -2.457343,
                        48.772495
                    ],
                    [
                        -2.456346,
                        48.772293
                    ],
                    [
                        -2.455349,
                        48.772014
                    ],
                    [
                        -2.454342,
                        48.771877
                    ],
                    [
                        -2.453462,
                        48.77167
                    ],
                    [
                        -2.452708,
                        48.771111
                    ],
                    [
                        -2.451845,
                        48.770714
                    ],
                    [
                        -2.451127,
                        48.770161
                    ],
                    [
                        -2.450255,
                        48.769858
                    ],
                    [
                        -2.449366,
                        48.76949
                    ],
                    [
                        -2.448549,
                        48.769051
                    ],
                    [
                        -2.447596,
                        48.768796
                    ],
                    [
                        -2.446734,
                        48.768463
                    ],
                    [
                        -2.445773,
                        48.768374
                    ],
                    [
                        -2.444839,
                        48.768142
                    ],
                    [
                        -2.444048,
                        48.767655
                    ],
                    [
                        -2.443078,
                        48.76746
                    ],
                    [
                        -2.442189,
                        48.767103
                    ],
                    [
                        -2.441362,
                        48.766735
                    ],
                    [
                        -2.440554,
                        48.766391
                    ],
                    [
                        -2.439593,
                        48.766195
                    ],
                    [
                        -2.438712,
                        48.76604
                    ],
                    [
                        -2.437814,
                        48.765625
                    ],
                    [
                        -2.436871,
                        48.765417
                    ],
                    [
                        -2.435919,
                        48.76515
                    ],
                    [
                        -2.435047,
                        48.764793
                    ],
                    [
                        -2.434212,
                        48.764366
                    ],
                    [
                        -2.43343,
                        48.763926
                    ],
                    [
                        -2.432748,
                        48.763392
                    ],
                    [
                        -2.43193,
                        48.76297
                    ],
                    [
                        -2.431221,
                        48.762489
                    ],
                    [
                        -2.430439,
                        48.762127
                    ],
                    [
                        -2.429828,
                        48.761598
                    ],
                    [
                        -2.429011,
                        48.761349
                    ],
                    [
                        -2.428059,
                        48.761278
                    ],
                    [
                        -2.42725,
                        48.76082
                    ],
                    [
                        -2.426639,
                        48.760339
                    ],
                    [
                        -2.426002,
                        48.759888
                    ],
                    [
                        -2.425346,
                        48.759407
                    ],
                    [
                        -2.424717,
                        48.758908
                    ],
                    [
                        -2.424115,
                        48.758403
                    ],
                    [
                        -2.423424,
                        48.757958
                    ],
                    [
                        -2.422723,
                        48.757518
                    ],
                    [
                        -2.421995,
                        48.757144
                    ],
                    [
                        -2.421349,
                        48.756687
                    ],
                    [
                        -2.420792,
                        48.756134
                    ],
                    [
                        -2.4201,
                        48.755718
                    ],
                    [
                        -2.419336,
                        48.755421
                    ],
                    [
                        -2.418636,
                        48.754952
                    ],
                    [
                        -2.41789,
                        48.754536
                    ],
                    [
                        -2.417163,
                        48.754121
                    ],
                    [
                        -2.416471,
                        48.753675
                    ],
                    [
                        -2.41577,
                        48.753224
                    ],
                    [
                        -2.414989,
                        48.752909
                    ],
                    [
                        -2.414162,
                        48.752553
                    ],
                    [
                        -2.413489,
                        48.752048
                    ],
                    [
                        -2.412671,
                        48.751703
                    ],
                    [
                        -2.41189,
                        48.751382
                    ],
                    [
                        -2.411108,
                        48.75105
                    ],
                    [
                        -2.410443,
                        48.750598
                    ],
                    [
                        -2.409671,
                        48.750373
                    ],
                    [
                        -2.408889,
                        48.750105
                    ],
                    [
                        -2.408099,
                        48.749814
                    ],
                    [
                        -2.40738,
                        48.74941
                    ],
                    [
                        -2.406707,
                        48.74906
                    ],
                    [
                        -2.406024,
                        48.748834
                    ],
                    [
                        -2.405395,
                        48.748668
                    ],
                    [
                        -2.404739,
                        48.748252
                    ],
                    [
                        -2.404236,
                        48.747735
                    ],
                    [
                        -2.403509,
                        48.747337
                    ],
                    [
                        -2.402718,
                        48.746987
                    ],
                    [
                        -2.401964,
                        48.746725
                    ],
                    [
                        -2.401209,
                        48.746333
                    ],
                    [
                        -2.4005,
                        48.745953
                    ],
                    [
                        -2.399763,
                        48.74559
                    ],
                    [
                        -2.398963,
                        48.745276
                    ],
                    [
                        -2.398245,
                        48.744901
                    ],
                    [
                        -2.397472,
                        48.74461
                    ],
                    [
                        -2.396718,
                        48.744307
                    ],
                    [
                        -2.395873,
                        48.744028
                    ],
                    [
                        -2.395128,
                        48.743767
                    ],
                    [
                        -2.394328,
                        48.743446
                    ],
                    [
                        -2.393565,
                        48.743113
                    ],
                    [
                        -2.392738,
                        48.742828
                    ],
                    [
                        -2.391921,
                        48.74262
                    ],
                    [
                        -2.391095,
                        48.742287
                    ],
                    [
                        -2.390277,
                        48.742044
                    ],
                    [
                        -2.389442,
                        48.741854
                    ],
                    [
                        -2.388615,
                        48.74164
                    ],
                    [
                        -2.387843,
                        48.741497
                    ],
                    [
                        -2.387052,
                        48.741194
                    ],
                    [
                        -2.38628,
                        48.740921
                    ],
                    [
                        -2.385489,
                        48.740594
                    ],
                    [
                        -2.384735,
                        48.740374
                    ],
                    [
                        -2.383989,
                        48.740143
                    ],
                    [
                        -2.38328,
                        48.739875
                    ],
                    [
                        -2.382471,
                        48.739602
                    ],
                    [
                        -2.381672,
                        48.739317
                    ],
                    [
                        -2.380926,
                        48.73896
                    ],
                    [
                        -2.380225,
                        48.738526
                    ],
                    [
                        -2.379408,
                        48.738253
                    ],
                    [
                        -2.37859,
                        48.73814
                    ],
                    [
                        -2.377791,
                        48.738063
                    ],
                    [
                        -2.376929,
                        48.737849
                    ],
                    [
                        -2.376102,
                        48.737605
                    ],
                    [
                        -2.375294,
                        48.737291
                    ],
                    [
                        -2.37444,
                        48.737095
                    ],
                    [
                        -2.373605,
                        48.736809
                    ],
                    [
                        -2.372725,
                        48.736714
                    ],
                    [
                        -2.371898,
                        48.736595
                    ],
                    [
                        -2.371,
                        48.736346
                    ],
                    [
                        -2.370201,
                        48.736275
                    ],
                    [
                        -2.369329,
                        48.736049
                    ],
                    [
                        -2.368476,
                        48.735882
                    ],
                    [
                        -2.367649,
                        48.735674
                    ],
                    [
                        -2.366904,
                        48.735377
                    ],
                    [
                        -2.366203,
                        48.735086
                    ],
                    [
                        -2.365538,
                        48.734765
                    ],
                    [
                        -2.364766,
                        48.734433
                    ],
                    [
                        -2.363967,
                        48.734225
                    ],
                    [
                        -2.363248,
                        48.733892
                    ],
                    [
                        -2.362484,
                        48.733565
                    ],
                    [
                        -2.36173,
                        48.733387
                    ],
                    [
                        -2.361002,
                        48.733256
                    ],
                    [
                        -2.36023,
                        48.733072
                    ],
                    [
                        -2.359466,
                        48.732822
                    ],
                    [
                        -2.358694,
                        48.732549
                    ],
                    [
                        -2.357966,
                        48.732335
                    ],
                    [
                        -2.357238,
                        48.732228
                    ],
                    [
                        -2.356475,
                        48.732032
                    ],
                    [
                        -2.355828,
                        48.73183
                    ],
                    [
                        -2.355163,
                        48.73164
                    ],
                    [
                        -2.354427,
                        48.731515
                    ],
                    [
                        -2.353699,
                        48.731277
                    ],
                    [
                        -2.352963,
                        48.731176
                    ],
                    [
                        -2.352253,
                        48.731016
                    ],
                    [
                        -2.35148,
                        48.730909
                    ],
                    [
                        -2.350753,
                        48.730748
                    ],
                    [
                        -2.349998,
                        48.7306
                    ],
                    [
                        -2.349244,
                        48.730398
                    ],
                    [
                        -2.348498,
                        48.730225
                    ],
                    [
                        -2.347708,
                        48.730095
                    ],
                    [
                        -2.34698,
                        48.730017
                    ],
                    [
                        -2.346297,
                        48.729756
                    ],
                    [
                        -2.345543,
                        48.729548
                    ],
                    [
                        -2.344797,
                        48.729435
                    ],
                    [
                        -2.344052,
                        48.729292
                    ],
                    [
                        -2.34327,
                        48.729102
                    ],
                    [
                        -2.342489,
                        48.728906
                    ],
                    [
                        -2.341743,
                        48.728668
                    ],
                    [
                        -2.34098,
                        48.728514
                    ],
                    [
                        -2.340225,
                        48.728294
                    ],
                    [
                        -2.339542,
                        48.728044
                    ],
                    [
                        -2.338833,
                        48.72783
                    ],
                    [
                        -2.338069,
                        48.727587
                    ],
                    [
                        -2.337288,
                        48.727367
                    ],
                    [
                        -2.336542,
                        48.727135
                    ],
                    [
                        -2.335787,
                        48.726874
                    ],
                    [
                        -2.335015,
                        48.726648
                    ],
                    [
                        -2.334224,
                        48.726434
                    ],
                    [
                        -2.333398,
                        48.726291
                    ],
                    [
                        -2.332599,
                        48.726065
                    ],
                    [
                        -2.331862,
                        48.725756
                    ],
                    [
                        -2.331089,
                        48.725495
                    ],
                    [
                        -2.330317,
                        48.725281
                    ],
                    [
                        -2.329553,
                        48.725079
                    ],
                    [
                        -2.328772,
                        48.724906
                    ],
                    [
                        -2.327945,
                        48.724722
                    ],
                    [
                        -2.327146,
                        48.724514
                    ],
                    [
                        -2.326365,
                        48.724348
                    ],
                    [
                        -2.325583,
                        48.724128
                    ],
                    [
                        -2.32481,
                        48.723956
                    ],
                    [
                        -2.324056,
                        48.723753
                    ],
                    [
                        -2.323274,
                        48.723504
                    ],
                    [
                        -2.322484,
                        48.723266
                    ],
                    [
                        -2.321756,
                        48.722945
                    ],
                    [
                        -2.321011,
                        48.72266
                    ],
                    [
                        -2.320193,
                        48.722488
                    ],
                    [
                        -2.319385,
                        48.722208
                    ],
                    [
                        -2.318576,
                        48.721941
                    ],
                    [
                        -2.317795,
                        48.721822
                    ],
                    [
                        -2.316969,
                        48.721685
                    ],
                    [
                        -2.316079,
                        48.721471
                    ],
                    [
                        -2.315235,
                        48.721263
                    ],
                    [
                        -2.314381,
                        48.721109
                    ],
                    [
                        -2.313537,
                        48.72099
                    ],
                    [
                        -2.312666,
                        48.720847
                    ],
                    [
                        -2.311821,
                        48.720699
                    ],
                    [
                        -2.310977,
                        48.720508
                    ],
                    [
                        -2.310178,
                        48.720294
                    ],
                    [
                        -2.309333,
                        48.720045
                    ],
                    [
                        -2.308812,
                        48.719504
                    ],
                    [
                        -2.308013,
                        48.719367
                    ],
                    [
                        -2.307159,
                        48.719219
                    ],
                    [
                        -2.306351,
                        48.719052
                    ],
                    [
                        -2.305578,
                        48.718785
                    ],
                    [
                        -2.304806,
                        48.71866
                    ],
                    [
                        -2.304042,
                        48.718577
                    ],
                    [
                        -2.303243,
                        48.718499
                    ],
                    [
                        -2.302461,
                        48.718357
                    ],
                    [
                        -2.301653,
                        48.71822
                    ],
                    [
                        -2.30088,
                        48.717982
                    ],
                    [
                        -2.300081,
                        48.717744
                    ],
                    [
                        -2.299308,
                        48.717554
                    ],
                    [
                        -2.298518,
                        48.717412
                    ],
                    [
                        -2.297736,
                        48.71731
                    ],
                    [
                        -2.296928,
                        48.717162
                    ],
                    [
                        -2.29611,
                        48.717031
                    ],
                    [
                        -2.295284,
                        48.716781
                    ],
                    [
                        -2.294494,
                        48.716508
                    ],
                    [
                        -2.293658,
                        48.716371
                    ],
                    [
                        -2.292823,
                        48.716181
                    ],
                    [
                        -2.291996,
                        48.715949
                    ],
                    [
                        -2.291152,
                        48.715813
                    ],
                    [
                        -2.290299,
                        48.715688
                    ],
                    [
                        -2.289526,
                        48.715498
                    ],
                    [
                        -2.288736,
                        48.715402
                    ],
                    [
                        -2.287954,
                        48.715343
                    ],
                    [
                        -2.287119,
                        48.71523
                    ],
                    [
                        -2.286301,
                        48.715153
                    ],
                    [
                        -2.285457,
                        48.715052
                    ],
                    [
                        -2.284666,
                        48.715004
                    ],
                    [
                        -2.283858,
                        48.714957
                    ],
                    [
                        -2.283005,
                        48.714808
                    ],
                    [
                        -2.282187,
                        48.714743
                    ],
                    [
                        -2.281334,
                        48.714647
                    ],
                    [
                        -2.280435,
                        48.714475
                    ],
                    [
                        -2.279519,
                        48.714267
                    ],
                    [
                        -2.278657,
                        48.714148
                    ],
                    [
                        -2.277866,
                        48.714112
                    ],
                    [
                        -2.277022,
                        48.714071
                    ],
                    [
                        -2.276223,
                        48.714053
                    ],
                    [
                        -2.275396,
                        48.713988
                    ],
                    [
                        -2.274498,
                        48.713833
                    ],
                    [
                        -2.273618,
                        48.713774
                    ],
                    [
                        -2.272719,
                        48.713667
                    ],
                    [
                        -2.271884,
                        48.713595
                    ],
                    [
                        -2.271004,
                        48.713518
                    ],
                    [
                        -2.270159,
                        48.713399
                    ],
                    [
                        -2.269306,
                        48.71331
                    ],
                    [
                        -2.268407,
                        48.713227
                    ],
                    [
                        -2.267482,
                        48.713066
                    ],
                    [
                        -2.266602,
                        48.712769
                    ],
                    [
                        -2.26582,
                        48.712377
                    ],
                    [
                        -2.264841,
                        48.712186
                    ],
                    [
                        -2.26388,
                        48.711966
                    ],
                    [
                        -2.262928,
                        48.711836
                    ],
                    [
                        -2.261994,
                        48.711651
                    ],
                    [
                        -2.261051,
                        48.711425
                    ],
                    [
                        -2.260179,
                        48.711063
                    ],
                    [
                        -2.259317,
                        48.710718
                    ],
                    [
                        -2.258365,
                        48.710433
                    ],
                    [
                        -2.257368,
                        48.710284
                    ],
                    [
                        -2.256433,
                        48.710088
                    ],
                    [
                        -2.25549,
                        48.709981
                    ],
                    [
                        -2.254547,
                        48.70985
                    ],
                    [
                        -2.253685,
                        48.709773
                    ],
                    [
                        -2.252885,
                        48.709773
                    ],
                    [
                        -2.251978,
                        48.709684
                    ],
                    [
                        -2.251143,
                        48.7096
                    ],
                    [
                        -2.250307,
                        48.709505
                    ],
                    [
                        -2.249382,
                        48.709232
                    ],
                    [
                        -2.248466,
                        48.708958
                    ],
                    [
                        -2.247505,
                        48.708691
                    ],
                    [
                        -2.246579,
                        48.708453
                    ],
                    [
                        -2.245672,
                        48.708257
                    ],
                    [
                        -2.244729,
                        48.708019
                    ],
                    [
                        -2.243804,
                        48.707835
                    ],
                    [
                        -2.242816,
                        48.707662
                    ],
                    [
                        -2.24189,
                        48.707341
                    ],
                    [
                        -2.240956,
                        48.707181
                    ],
                    [
                        -2.240067,
                        48.707002
                    ],
                    [
                        -2.239151,
                        48.706711
                    ],
                    [
                        -2.238243,
                        48.706556
                    ],
                    [
                        -2.237408,
                        48.706408
                    ],
                    [
                        -2.236599,
                        48.706253
                    ],
                    [
                        -2.235773,
                        48.706176
                    ],
                    [
                        -2.234947,
                        48.706063
                    ],
                    [
                        -2.23403,
                        48.705861
                    ],
                    [
                        -2.233123,
                        48.705706
                    ],
                    [
                        -2.232108,
                        48.705647
                    ],
                    [
                        -2.231084,
                        48.705575
                    ],
                    [
                        -2.23006,
                        48.705445
                    ],
                    [
                        -2.229027,
                        48.705367
                    ],
                    [
                        -2.227958,
                        48.705314
                    ],
                    [
                        -2.226925,
                        48.705183
                    ],
                    [
                        -2.22591,
                        48.704927
                    ],
                    [
                        -2.224931,
                        48.704731
                    ],
                    [
                        -2.22397,
                        48.704642
                    ],
                    [
                        -2.222946,
                        48.704505
                    ],
                    [
                        -2.221939,
                        48.704452
                    ],
                    [
                        -2.220853,
                        48.70438
                    ],
                    [
                        -2.219864,
                        48.703976
                    ],
                    [
                        -2.218813,
                        48.703709
                    ],
                    [
                        -2.217789,
                        48.703465
                    ],
                    [
                        -2.216756,
                        48.703203
                    ],
                    [
                        -2.215732,
                        48.703001
                    ],
                    [
                        -2.214735,
                        48.702829
                    ],
                    [
                        -2.213693,
                        48.702591
                    ],
                    [
                        -2.212696,
                        48.702282
                    ],
                    [
                        -2.211672,
                        48.702115
                    ],
                    [
                        -2.210729,
                        48.701729
                    ],
                    [
                        -2.209678,
                        48.701485
                    ],
                    [
                        -2.208717,
                        48.701086
                    ],
                    [
                        -2.207729,
                        48.700676
                    ],
                    [
                        -2.206714,
                        48.700307
                    ],
                    [
                        -2.205654,
                        48.699969
                    ],
                    [
                        -2.204684,
                        48.699445
                    ],
                    [
                        -2.203695,
                        48.69897
                    ],
                    [
                        -2.202644,
                        48.698637
                    ],
                    [
                        -2.201638,
                        48.69828
                    ],
                    [
                        -2.20074,
                        48.697733
                    ],
                    [
                        -2.199752,
                        48.697221
                    ],
                    [
                        -2.198773,
                        48.696769
                    ],
                    [
                        -2.19783,
                        48.696252
                    ],
                    [
                        -2.196904,
                        48.695705
                    ],
                    [
                        -2.196042,
                        48.695217
                    ],
                    [
                        -2.195099,
                        48.69473
                    ],
                    [
                        -2.194147,
                        48.6942
                    ],
                    [
                        -2.193141,
                        48.69379
                    ],
                    [
                        -2.192135,
                        48.693362
                    ],
                    [
                        -2.191218,
                        48.69288
                    ],
                    [
                        -2.190266,
                        48.692452
                    ],
                    [
                        -2.189305,
                        48.69203
                    ],
                    [
                        -2.18829,
                        48.691738
                    ],
                    [
                        -2.187257,
                        48.69137
                    ],
                    [
                        -2.18626,
                        48.690876
                    ],
                    [
                        -2.185281,
                        48.690442
                    ],
                    [
                        -2.184329,
                        48.690043
                    ],
                    [
                        -2.183439,
                        48.689579
                    ],
                    [
                        -2.182433,
                        48.689217
                    ],
                    [
                        -2.181472,
                        48.688711
                    ],
                    [
                        -2.180448,
                        48.688283
                    ],
                    [
                        -2.179505,
                        48.687777
                    ],
                    [
                        -2.178597,
                        48.687224
                    ],
                    [
                        -2.1776,
                        48.686844
                    ],
                    [
                        -2.176531,
                        48.686463
                    ],
                    [
                        -2.175489,
                        48.68607
                    ],
                    [
                        -2.174465,
                        48.685595
                    ],
                    [
                        -2.17354,
                        48.685059
                    ],
                    [
                        -2.172543,
                        48.684619
                    ],
                    [
                        -2.171528,
                        48.684185
                    ],
                    [
                        -2.170486,
                        48.683786
                    ],
                    [
                        -2.169417,
                        48.683424
                    ],
                    [
                        -2.168375,
                        48.682995
                    ],
                    [
                        -2.16727,
                        48.682686
                    ],
                    [
                        -2.166237,
                        48.682317
                    ],
                    [
                        -2.165195,
                        48.682002
                    ],
                    [
                        -2.164117,
                        48.68171
                    ],
                    [
                        -2.163057,
                        48.681324
                    ],
                    [
                        -2.161979,
                        48.681092
                    ],
                    [
                        -2.160919,
                        48.680866
                    ],
                    [
                        -2.159877,
                        48.680461
                    ],
                    [
                        -2.158781,
                        48.680164
                    ],
                    [
                        -2.157712,
                        48.679777
                    ],
                    [
                        -2.156599,
                        48.679432
                    ],
                    [
                        -2.15544,
                        48.679093
                    ],
                    [
                        -2.154308,
                        48.678843
                    ],
                    [
                        -2.153266,
                        48.678469
                    ],
                    [
                        -2.152197,
                        48.678082
                    ],
                    [
                        -2.151101,
                        48.677618
                    ],
                    [
                        -2.150041,
                        48.67719
                    ],
                    [
                        -2.148945,
                        48.676731
                    ],
                    [
                        -2.14784,
                        48.676297
                    ],
                    [
                        -2.146744,
                        48.675857
                    ],
                    [
                        -2.145622,
                        48.675476
                    ],
                    [
                        -2.144499,
                        48.675084
                    ],
                    [
                        -2.143385,
                        48.674602
                    ],
                    [
                        -2.142235,
                        48.67428
                    ],
                    [
                        -2.141049,
                        48.674013
                    ],
                    [
                        -2.139855,
                        48.673674
                    ],
                    [
                        -2.138723,
                        48.673186
                    ],
                    [
                        -2.137654,
                        48.672769
                    ],
                    [
                        -2.13645,
                        48.672383
                    ],
                    [
                        -2.135282,
                        48.672026
                    ],
                    [
                        -2.134142,
                        48.671573
                    ],
                    [
                        -2.132929,
                        48.671252
                    ],
                    [
                        -2.131707,
                        48.670854
                    ],
                    [
                        -2.130468,
                        48.670413
                    ],
                    [
                        -2.129228,
                        48.670015
                    ],
                    [
                        -2.128006,
                        48.669753
                    ],
                    [
                        -2.126785,
                        48.669491
                    ],
                    [
                        -2.125554,
                        48.669122
                    ],
                    [
                        -2.124332,
                        48.668753
                    ],
                    [
                        -2.12321,
                        48.668557
                    ],
                    [
                        -2.122221,
                        48.668456
                    ],
                    [
                        -2.121458,
                        48.668468
                    ],
                    [
                        -2.120416,
                        48.668408
                    ],
                    [
                        -2.119257,
                        48.668432
                    ],
                    [
                        -2.118116,
                        48.66845
                    ],
                    [
                        -2.116949,
                        48.668444
                    ],
                    [
                        -2.115781,
                        48.668462
                    ],
                    [
                        -2.114685,
                        48.668533
                    ],
                    [
                        -2.113526,
                        48.66861
                    ],
                    [
                        -2.112466,
                        48.668622
                    ],
                    [
                        -2.111613,
                        48.668676
                    ],
                    [
                        -2.110705,
                        48.668741
                    ],
                    [
                        -2.109771,
                        48.668831
                    ],
                    [
                        -2.108891,
                        48.668914
                    ],
                    [
                        -2.108074,
                        48.669003
                    ],
                    [
                        -2.107211,
                        48.669057
                    ],
                    [
                        -2.106358,
                        48.669128
                    ],
                    [
                        -2.105585,
                        48.669182
                    ],
                    [
                        -2.104804,
                        48.669277
                    ],
                    [
                        -2.104067,
                        48.66939
                    ],
                    [
                        -2.103142,
                        48.669503
                    ],
                    [
                        -2.102289,
                        48.669586
                    ],
                    [
                        -2.10148,
                        48.669676
                    ],
                    [
                        -2.100699,
                        48.669747
                    ],
                    [
                        -2.10033,
                        48.669753
                    ],
                    [
                        -2.095668,
                        48.669592
                    ],
                    [
                        -2.094599,
                        48.669521
                    ],
                    [
                        -2.093432,
                        48.669473
                    ],
                    [
                        -2.09239,
                        48.669509
                    ],
                    [
                        -2.091482,
                        48.669568
                    ],
                    [
                        -2.090485,
                        48.669628
                    ],
                    [
                        -2.089425,
                        48.669586
                    ],
                    [
                        -2.088249,
                        48.66942
                    ],
                    [
                        -2.087162,
                        48.668956
                    ],
                    [
                        -2.086057,
                        48.668474
                    ],
                    [
                        -2.08506,
                        48.667795
                    ],
                    [
                        -2.083982,
                        48.667236
                    ],
                    [
                        -2.082976,
                        48.666736
                    ],
                    [
                        -2.081871,
                        48.666332
                    ],
                    [
                        -2.080829,
                        48.665897
                    ],
                    [
                        -2.079706,
                        48.665439
                    ],
                    [
                        -2.078628,
                        48.664963
                    ],
                    [
                        -2.077577,
                        48.664517
                    ],
                    [
                        -2.07658,
                        48.664094
                    ],
                    [
                        -2.075475,
                        48.663731
                    ],
                    [
                        -2.074334,
                        48.663374
                    ],
                    [
                        -2.073104,
                        48.663011
                    ],
                    [
                        -2.071936,
                        48.662565
                    ],
                    [
                        -2.07075,
                        48.662202
                    ],
                    [
                        -2.069591,
                        48.661786
                    ],
                    [
                        -2.068477,
                        48.661333
                    ],
                    [
                        -2.067328,
                        48.660988
                    ],
                    [
                        -2.066187,
                        48.66053
                    ],
                    [
                        -2.065172,
                        48.660018
                    ],
                    [
                        -2.064184,
                        48.659387
                    ],
                    [
                        -2.063169,
                        48.658864
                    ],
                    [
                        -2.062109,
                        48.658471
                    ],
                    [
                        -2.061067,
                        48.657947
                    ],
                    [
                        -2.060132,
                        48.657364
                    ],
                    [
                        -2.059198,
                        48.656769
                    ],
                    [
                        -2.058291,
                        48.656197
                    ],
                    [
                        -2.057536,
                        48.655501
                    ],
                    [
                        -2.056719,
                        48.654876
                    ],
                    [
                        -2.055767,
                        48.654329
                    ],
                    [
                        -2.054895,
                        48.65371
                    ],
                    [
                        -2.054078,
                        48.653043
                    ],
                    [
                        -2.053081,
                        48.652632
                    ],
                    [
                        -2.052084,
                        48.652198
                    ],
                    [
                        -2.051123,
                        48.651805
                    ],
                    [
                        -2.050242,
                        48.651275
                    ],
                    [
                        -2.049335,
                        48.650859
                    ],
                    [
                        -2.048419,
                        48.650436
                    ],
                    [
                        -2.047485,
                        48.650061
                    ],
                    [
                        -2.04647,
                        48.649776
                    ],
                    [
                        -2.045562,
                        48.649276
                    ],
                    [
                        -2.045167,
                        48.648591
                    ],
                    [
                        -2.044188,
                        48.648168
                    ],
                    [
                        -2.043317,
                        48.647621
                    ],
                    [
                        -2.042301,
                        48.647276
                    ],
                    [
                        -2.041493,
                        48.64671
                    ],
                    [
                        -2.040703,
                        48.646121
                    ],
                    [
                        -2.039867,
                        48.645555
                    ],
                    [
                        -2.039077,
                        48.644942
                    ],
                    [
                        -2.03843,
                        48.644293
                    ],
                    [
                        -2.03808,
                        48.64349
                    ],
                    [
                        -2.037577,
                        48.64271
                    ],
                    [
                        -2.037433,
                        48.641876
                    ],
                    [
                        -2.036921,
                        48.641597
                    ],
                    [
                        -2.036903,
                        48.641644
                    ],
                    [
                        -2.036759,
                        48.641686
                    ],
                    [
                        -2.036669,
                        48.641751
                    ],
                    [
                        -2.03631,
                        48.641781
                    ],
                    [
                        -2.036014,
                        48.641847
                    ],
                    [
                        -2.035798,
                        48.641495
                    ],
                    [
                        -2.036175,
                        48.640995
                    ],
                    [
                        -2.03693,
                        48.640716
                    ],
                    [
                        -2.036948,
                        48.640233
                    ],
                    [
                        -2.036364,
                        48.639971
                    ],
                    [
                        -2.035735,
                        48.639823
                    ],
                    [
                        -2.035097,
                        48.639674
                    ],
                    [
                        -2.03446,
                        48.639555
                    ],
                    [
                        -2.033804,
                        48.639483
                    ],
                    [
                        -2.033211,
                        48.639501
                    ],
                    [
                        -2.032654,
                        48.639596
                    ],
                    [
                        -2.032151,
                        48.639739
                    ],
                    [
                        -2.031702,
                        48.639858
                    ],
                    [
                        -2.03128,
                        48.640031
                    ],
                    [
                        -2.030821,
                        48.640275
                    ],
                    [
                        -2.03022,
                        48.640477
                    ],
                    [
                        -2.029591,
                        48.64062
                    ],
                    [
                        -2.028863,
                        48.640704
                    ],
                    [
                        -2.028351,
                        48.64071
                    ],
                    [
                        -2.027722,
                        48.64065
                    ],
                    [
                        -2.027246,
                        48.640495
                    ],
                    [
                        -2.026995,
                        48.640418
                    ],
                    [
                        -2.026896,
                        48.640388
                    ],
                    [
                        -2.026896,
                        48.640388
                    ],
                    [
                        -2.026887,
                        48.640388
                    ],
                    [
                        -2.026887,
                        48.640388
                    ],
                    [
                        -2.026887,
                        48.640388
                    ],
                    [
                        -2.026878,
                        48.640388
                    ],
                    [
                        -2.026878,
                        48.640388
                    ],
                    [
                        -2.026878,
                        48.640388
                    ],
                    [
                        -2.026878,
                        48.640388
                    ],
                    [
                        -2.026878,
                        48.640388
                    ],
                    [
                        -2.026878,
                        48.640388
                    ],
                    [
                        -2.026878,
                        48.640388
                    ],
                    [
                        -2.026878,
                        48.640388
                    ],
                    [
                        -2.026878,
                        48.640388
                    ],
                    [
                        -2.026878,
                        48.640388
                    ],
                    [
                        -2.026878,
                        48.640388
                    ],
                    [
                        -2.026869,
                        48.640394
                    ],
                    [
                        -2.026869,
                        48.640388
                    ],
                    [
                        -2.026869,
                        48.640388
                    ],
                    [
                        -2.026869,
                        48.640388
                    ],
                    [
                        -2.026869,
                        48.640388
                    ],
                    [
                        -2.02686,
                        48.640394
                    ],
                    [
                        -2.026869,
                        48.640394
                    ],
                    [
                        -2.026869,
                        48.640394
                    ],
                    [
                        -2.026869,
                        48.640394
                    ],
                    [
                        -2.02686,
                        48.640394
                    ],
                    [
                        -2.02686,
                        48.640394
                    ],
                    [
                        -2.026869,
                        48.640394
                    ],
                    [
                        -2.026869,
                        48.640394
                    ],
                    [
                        -2.026869,
                        48.640394
                    ],
                    [
                        -2.026869,
                        48.640394
                    ],
                    [
                        -2.026869,
                        48.640394
                    ],
                    [
                        -2.026869,
                        48.640394
                    ],
                    [
                        -2.026869,
                        48.640394
                    ],
                    [
                        -2.026869,
                        48.640394
                    ],
                    [
                        -2.026878,
                        48.640394
                    ],
                    [
                        -2.026878,
                        48.640394
                    ],
                    [
                        -2.026878,
                        48.640394
                    ],
                    [
                        -2.026878,
                        48.640394
                    ],
                    [
                        -2.026869,
                        48.640394
                    ],
                    [
                        -2.026869,
                        48.640394
                    ],
                    [
                        -2.026869,
                        48.640394
                    ],
                    [
                        -2.026869,
                        48.640394
                    ],
                    [
                        -2.026869,
                        48.640388
                    ],
                    [
                        -2.026878,
                        48.640388
                    ],
                    [
                        -2.026878,
                        48.640388
                    ],
                    [
                        -2.026878,
                        48.640394
                    ],
                    [
                        -2.026878,
                        48.640394
                    ],
                    [
                        -2.026878,
                        48.640394
                    ],
                    [
                        -2.026878,
                        48.640394
                    ],
                    [
                        -2.026878,
                        48.640394
                    ],
                    [
                        -2.026887,
                        48.640394
                    ],
                    [
                        -2.026878,
                        48.640394
                    ],
                    [
                        -2.026878,
                        48.640394
                    ],
                    [
                        -2.026878,
                        48.640394
                    ],
                    [
                        -2.026869,
                        48.640394
                    ],
                    [
                        -2.026869,
                        48.640394
                    ]
                ]
            }
        }
    ]
}