{
    "type": "FeatureCollection",
    "features": [
        {
            "type": "Feature",
            "geometry": {
                "type": "LineString",
                "coordinates": [
                    [
                        -1.828448,
                        48.876531
                    ],
                    [
                        -1.827837,
                        48.876252
                    ],
                    [
                        -1.827163,
                        48.875926
                    ],
                    [
                        -1.826391,
                        48.875583
                    ],
                    [
                        -1.825591,
                        48.875263
                    ],
                    [
                        -1.824846,
                        48.874931
                    ],
                    [
                        -1.824136,
                        48.874552
                    ],
                    [
                        -1.823507,
                        48.874113
                    ],
                    [
                        -1.822897,
                        48.873621
                    ],
                    [
                        -1.822295,
                        48.873106
                    ],
                    [
                        -1.821774,
                        48.87259
                    ],
                    [
                        -1.821235,
                        48.872104
                    ],
                    [
                        -1.820768,
                        48.871589
                    ],
                    [
                        -1.820364,
                        48.871044
                    ],
                    [
                        -1.81995,
                        48.870493
                    ],
                    [
                        -1.819456,
                        48.869959
                    ],
                    [
                        -1.819007,
                        48.869402
                    ],
                    [
                        -1.818531,
                        48.868869
                    ],
                    [
                        -1.818109,
                        48.868353
                    ],
                    [
                        -1.81775,
                        48.867814
                    ],
                    [
                        -1.817588,
                        48.867257
                    ],
                    [
                        -1.817785,
                        48.866712
                    ],
                    [
                        -1.818019,
                        48.866172
                    ],
                    [
                        -1.81845,
                        48.865663
                    ],
                    [
                        -1.818899,
                        48.865206
                    ],
                    [
                        -1.81933,
                        48.864732
                    ],
                    [
                        -1.820022,
                        48.864472
                    ],
                    [
                        -1.820768,
                        48.864264
                    ],
                    [
                        -1.821468,
                        48.863986
                    ],
                    [
                        -1.822205,
                        48.863814
                    ],
                    [
                        -1.822977,
                        48.863594
                    ],
                    [
                        -1.823588,
                        48.863239
                    ],
                    [
                        -1.824361,
                        48.863025
                    ],
                    [
                        -1.825205,
                        48.862948
                    ],
                    [
                        -1.826032,
                        48.862883
                    ],
                    [
                        -1.826723,
                        48.862634
                    ],
                    [
                        -1.827496,
                        48.862385
                    ],
                    [
                        -1.828322,
                        48.862261
                    ],
                    [
                        -1.829158,
                        48.862166
                    ],
                    [
                        -1.830002,
                        48.862095
                    ],
                    [
                        -1.830739,
                        48.861846
                    ],
                    [
                        -1.831538,
                        48.861668
                    ],
                    [
                        -1.832284,
                        48.861526
                    ],
                    [
                        -1.83285,
                        48.861407
                    ],
                    [
                        -1.833236,
                        48.861514
                    ],
                    [
                        -1.83355,
                        48.86165
                    ],
                    [
                        -1.833847,
                        48.861751
                    ],
                    [
                        -1.834197,
                        48.861822
                    ],
                    [
                        -1.834583,
                        48.86187
                    ],
                    [
                        -1.835077,
                        48.861834
                    ],
                    [
                        -1.835553,
                        48.861787
                    ],
                    [
                        -1.836119,
                        48.861692
                    ],
                    [
                        -1.836802,
                        48.861603
                    ],
                    [
                        -1.837557,
                        48.861514
                    ],
                    [
                        -1.838356,
                        48.861431
                    ],
                    [
                        -1.839102,
                        48.861425
                    ],
                    [
                        -1.839874,
                        48.861402
                    ],
                    [
                        -1.840674,
                        48.861419
                    ],
                    [
                        -1.841392,
                        48.86152
                    ],
                    [
                        -1.842129,
                        48.861627
                    ],
                    [
                        -1.842946,
                        48.861627
                    ],
                    [
                        -1.843845,
                        48.861615
                    ],
                    [
                        -1.844842,
                        48.861609
                    ],
                    [
                        -1.845839,
                        48.861656
                    ],
                    [
                        -1.846746,
                        48.861793
                    ],
                    [
                        -1.847554,
                        48.861905
                    ],
                    [
                        -1.84839,
                        48.861982
                    ],
                    [
                        -1.849207,
                        48.862083
                    ],
                    [
                        -1.850088,
                        48.862148
                    ],
                    [
                        -1.85095,
                        48.862273
                    ],
                    [
                        -1.851812,
                        48.862368
                    ],
                    [
                        -1.852603,
                        48.862551
                    ],
                    [
                        -1.853267,
                        48.862735
                    ],
                    [
                        -1.853932,
                        48.86283
                    ],
                    [
                        -1.854768,
                        48.862937
                    ],
                    [
                        -1.855621,
                        48.862877
                    ],
                    [
                        -1.856438,
                        48.862919
                    ],
                    [
                        -1.857256,
                        48.862931
                    ],
                    [
                        -1.858055,
                        48.862972
                    ],
                    [
                        -1.85872,
                        48.863008
                    ],
                    [
                        -1.859331,
                        48.863031
                    ],
                    [
                        -1.859969,
                        48.863126
                    ],
                    [
                        -1.860481,
                        48.863156
                    ],
                    [
                        -1.861047,
                        48.86312
                    ],
                    [
                        -1.861675,
                        48.863097
                    ],
                    [
                        -1.86234,
                        48.863097
                    ],
                    [
                        -1.862987,
                        48.863091
                    ],
                    [
                        -1.863571,
                        48.863073
                    ],
                    [
                        -1.864119,
                        48.863067
                    ],
                    [
                        -1.864712,
                        48.86296
                    ],
                    [
                        -1.865394,
                        48.862865
                    ],
                    [
                        -1.866158,
                        48.862788
                    ],
                    [
                        -1.866778,
                        48.862812
                    ],
                    [
                        -1.867353,
                        48.862812
                    ],
                    [
                        -1.868008,
                        48.862806
                    ],
                    [
                        -1.8687,
                        48.862771
                    ],
                    [
                        -1.869401,
                        48.8627
                    ],
                    [
                        -1.870101,
                        48.86267
                    ],
                    [
                        -1.870856,
                        48.862652
                    ],
                    [
                        -1.871601,
                        48.862646
                    ],
                    [
                        -1.872311,
                        48.862622
                    ],
                    [
                        -1.873119,
                        48.862551
                    ],
                    [
                        -1.873856,
                        48.862563
                    ],
                    [
                        -1.874548,
                        48.862569
                    ],
                    [
                        -1.875203,
                        48.862545
                    ],
                    [
                        -1.876039,
                        48.862516
                    ],
                    [
                        -1.876695,
                        48.862599
                    ],
                    [
                        -1.877449,
                        48.862587
                    ],
                    [
                        -1.878141,
                        48.86264
                    ],
                    [
                        -1.87877,
                        48.862664
                    ],
                    [
                        -1.879443,
                        48.8627
                    ],
                    [
                        -1.880072,
                        48.862729
                    ],
                    [
                        -1.880422,
                        48.862806
                    ],
                    [
                        -1.880396,
                        48.862919
                    ],
                    [
                        -1.880261,
                        48.863263
                    ],
                    [
                        -1.88018,
                        48.863648
                    ],
                    [
                        -1.880045,
                        48.864069
                    ],
                    [
                        -1.879955,
                        48.864406
                    ],
                    [
                        -1.879713,
                        48.864679
                    ],
                    [
                        -1.87947,
                        48.865041
                    ],
                    [
                        -1.879291,
                        48.865337
                    ],
                    [
                        -1.87912,
                        48.865639
                    ],
                    [
                        -1.878994,
                        48.865918
                    ],
                    [
                        -1.878851,
                        48.86619
                    ],
                    [
                        -1.878725,
                        48.866481
                    ],
                    [
                        -1.878428,
                        48.866712
                    ],
                    [
                        -1.878024,
                        48.867073
                    ],
                    [
                        -1.877683,
                        48.867441
                    ],
                    [
                        -1.877359,
                        48.867761
                    ],
                    [
                        -1.876946,
                        48.86811
                    ],
                    [
                        -1.876506,
                        48.868424
                    ],
                    [
                        -1.876111,
                        48.868739
                    ],
                    [
                        -1.875895,
                        48.868922
                    ],
                    [
                        -1.876183,
                        48.869035
                    ],
                    [
                        -1.876784,
                        48.869219
                    ],
                    [
                        -1.877557,
                        48.869473
                    ],
                    [
                        -1.878249,
                        48.869758
                    ],
                    [
                        -1.878725,
                        48.870036
                    ],
                    [
                        -1.879291,
                        48.870279
                    ],
                    [
                        -1.879919,
                        48.870493
                    ],
                    [
                        -1.880692,
                        48.870736
                    ],
                    [
                        -1.881294,
                        48.87099
                    ],
                    [
                        -1.881815,
                        48.871222
                    ],
                    [
                        -1.882192,
                        48.871435
                    ],
                    [
                        -1.882713,
                        48.871648
                    ],
                    [
                        -1.883297,
                        48.871903
                    ],
                    [
                        -1.883854,
                        48.872128
                    ],
                    [
                        -1.884608,
                        48.872306
                    ],
                    [
                        -1.885165,
                        48.872561
                    ],
                    [
                        -1.885794,
                        48.872821
                    ],
                    [
                        -1.886441,
                        48.872999
                    ],
                    [
                        -1.887079,
                        48.87323
                    ],
                    [
                        -1.887573,
                        48.873402
                    ],
                    [
                        -1.888094,
                        48.873604
                    ],
                    [
                        -1.888606,
                        48.873805
                    ],
                    [
                        -1.889208,
                        48.874007
                    ],
                    [
                        -1.88989,
                        48.874214
                    ],
                    [
                        -1.890582,
                        48.874457
                    ],
                    [
                        -1.891085,
                        48.874706
                    ],
                    [
                        -1.891516,
                        48.874919
                    ],
                    [
                        -1.892064,
                        48.875198
                    ],
                    [
                        -1.892594,
                        48.875446
                    ],
                    [
                        -1.893196,
                        48.875642
                    ],
                    [
                        -1.893771,
                        48.875885
                    ],
                    [
                        -1.894256,
                        48.876122
                    ],
                    [
                        -1.894786,
                        48.876306
                    ],
                    [
                        -1.895253,
                        48.876483
                    ],
                    [
                        -1.895738,
                        48.876626
                    ],
                    [
                        -1.896322,
                        48.876738
                    ],
                    [
                        -1.896879,
                        48.876833
                    ],
                    [
                        -1.897427,
                        48.876916
                    ],
                    [
                        -1.89802,
                        48.876993
                    ],
                    [
                        -1.898478,
                        48.877023
                    ],
                    [
                        -1.899053,
                        48.876957
                    ],
                    [
                        -1.899637,
                        48.87691
                    ],
                    [
                        -1.900221,
                        48.876845
                    ],
                    [
                        -1.900786,
                        48.876732
                    ],
                    [
                        -1.901442,
                        48.876477
                    ],
                    [
                        -1.902143,
                        48.876264
                    ],
                    [
                        -1.902906,
                        48.876098
                    ],
                    [
                        -1.903616,
                        48.875974
                    ],
                    [
                        -1.904263,
                        48.875832
                    ],
                    [
                        -1.904829,
                        48.875802
                    ],
                    [
                        -1.905341,
                        48.875719
                    ],
                    [
                        -1.905763,
                        48.875636
                    ],
                    [
                        -1.90623,
                        48.875435
                    ],
                    [
                        -1.906688,
                        48.875204
                    ],
                    [
                        -1.907119,
                        48.875061
                    ],
                    [
                        -1.907335,
                        48.875061
                    ],
                    [
                        -1.907649,
                        48.874925
                    ],
                    [
                        -1.908107,
                        48.874765
                    ],
                    [
                        -1.908611,
                        48.874641
                    ],
                    [
                        -1.909015,
                        48.874581
                    ],
                    [
                        -1.908925,
                        48.874641
                    ],
                    [
                        -1.908664,
                        48.874741
                    ],
                    [
                        -1.908386,
                        48.874842
                    ],
                    [
                        -1.908242,
                        48.874984
                    ],
                    [
                        -1.908125,
                        48.875144
                    ],
                    [
                        -1.90791,
                        48.87534
                    ],
                    [
                        -1.907694,
                        48.875523
                    ],
                    [
                        -1.907461,
                        48.875642
                    ],
                    [
                        -1.907281,
                        48.875719
                    ],
                    [
                        -1.907092,
                        48.875749
                    ],
                    [
                        -1.906958,
                        48.875796
                    ],
                    [
                        -1.906859,
                        48.875926
                    ],
                    [
                        -1.906814,
                        48.876116
                    ],
                    [
                        -1.906769,
                        48.8763
                    ],
                    [
                        -1.906697,
                        48.876525
                    ],
                    [
                        -1.906661,
                        48.876786
                    ],
                    [
                        -1.906643,
                        48.877005
                    ],
                    [
                        -1.906571,
                        48.877218
                    ],
                    [
                        -1.906446,
                        48.877437
                    ],
                    [
                        -1.906302,
                        48.877585
                    ],
                    [
                        -1.906185,
                        48.87771
                    ],
                    [
                        -1.906023,
                        48.877858
                    ],
                    [
                        -1.905871,
                        48.878012
                    ],
                    [
                        -1.905727,
                        48.878166
                    ],
                    [
                        -1.905565,
                        48.87829
                    ],
                    [
                        -1.905413,
                        48.878403
                    ],
                    [
                        -1.90517,
                        48.878486
                    ],
                    [
                        -1.904901,
                        48.878516
                    ],
                    [
                        -1.904748,
                        48.878539
                    ],
                    [
                        -1.904649,
                        48.87861
                    ],
                    [
                        -1.904595,
                        48.8788
                    ],
                    [
                        -1.904622,
                        48.879126
                    ],
                    [
                        -1.904721,
                        48.879481
                    ],
                    [
                        -1.904775,
                        48.879861
                    ],
                    [
                        -1.90491,
                        48.880252
                    ],
                    [
                        -1.905098,
                        48.880637
                    ],
                    [
                        -1.90544,
                        48.880909
                    ],
                    [
                        -1.90561,
                        48.881271
                    ],
                    [
                        -1.905736,
                        48.881656
                    ],
                    [
                        -1.905799,
                        48.882017
                    ],
                    [
                        -1.905853,
                        48.882379
                    ],
                    [
                        -1.905907,
                        48.882704
                    ],
                    [
                        -1.905925,
                        48.88303
                    ],
                    [
                        -1.905988,
                        48.883303
                    ],
                    [
                        -1.906041,
                        48.883557
                    ],
                    [
                        -1.906068,
                        48.883842
                    ],
                    [
                        -1.906014,
                        48.884168
                    ],
                    [
                        -1.905979,
                        48.884434
                    ],
                    [
                        -1.905943,
                        48.884701
                    ],
                    [
                        -1.905997,
                        48.884991
                    ],
                    [
                        -1.906041,
                        48.885264
                    ],
                    [
                        -1.906077,
                        48.885536
                    ],
                    [
                        -1.906113,
                        48.885761
                    ],
                    [
                        -1.906167,
                        48.886075
                    ],
                    [
                        -1.906248,
                        48.886431
                    ],
                    [
                        -1.90632,
                        48.88678
                    ],
                    [
                        -1.90641,
                        48.88713
                    ],
                    [
                        -1.906401,
                        48.887515
                    ],
                    [
                        -1.906464,
                        48.887894
                    ],
                    [
                        -1.906535,
                        48.888208
                    ],
                    [
                        -1.906553,
                        48.888445
                    ],
                    [
                        -1.906553,
                        48.888711
                    ],
                    [
                        -1.906589,
                        48.888996
                    ],
                    [
                        -1.906634,
                        48.889245
                    ],
                    [
                        -1.906598,
                        48.88944
                    ],
                    [
                        -1.906589,
                        48.889677
                    ],
                    [
                        -1.906589,
                        48.889867
                    ],
                    [
                        -1.906598,
                        48.890121
                    ],
                    [
                        -1.906634,
                        48.890447
                    ],
                    [
                        -1.906697,
                        48.890885
                    ],
                    [
                        -1.906796,
                        48.89143
                    ],
                    [
                        -1.907021,
                        48.892029
                    ],
                    [
                        -1.907245,
                        48.892579
                    ],
                    [
                        -1.907542,
                        48.893148
                    ],
                    [
                        -1.908018,
                        48.89358
                    ],
                    [
                        -1.908485,
                        48.893971
                    ],
                    [
                        -1.908925,
                        48.894362
                    ],
                    [
                        -1.909266,
                        48.894836
                    ],
                    [
                        -1.909715,
                        48.895292
                    ],
                    [
                        -1.910191,
                        48.895653
                    ],
                    [
                        -1.910533,
                        48.896068
                    ],
                    [
                        -1.910865,
                        48.896495
                    ],
                    [
                        -1.911251,
                        48.896939
                    ],
                    [
                        -1.911665,
                        48.897424
                    ],
                    [
                        -1.912006,
                        48.897898
                    ],
                    [
                        -1.912329,
                        48.898325
                    ],
                    [
                        -1.912761,
                        48.898757
                    ],
                    [
                        -1.913066,
                        48.89916
                    ],
                    [
                        -1.913398,
                        48.899539
                    ],
                    [
                        -1.913668,
                        48.899906
                    ],
                    [
                        -1.914036,
                        48.900326
                    ],
                    [
                        -1.914386,
                        48.900652
                    ],
                    [
                        -1.914584,
                        48.900936
                    ],
                    [
                        -1.914925,
                        48.901315
                    ],
                    [
                        -1.915123,
                        48.901736
                    ],
                    [
                        -1.915384,
                        48.902079
                    ],
                    [
                        -1.915626,
                        48.902553
                    ],
                    [
                        -1.915824,
                        48.902926
                    ],
                    [
                        -1.916048,
                        48.903441
                    ],
                    [
                        -1.916354,
                        48.903921
                    ],
                    [
                        -1.916488,
                        48.904395
                    ],
                    [
                        -1.916614,
                        48.904904
                    ],
                    [
                        -1.916767,
                        48.905402
                    ],
                    [
                        -1.916991,
                        48.905905
                    ],
                    [
                        -1.91709,
                        48.906284
                    ],
                    [
                        -1.917108,
                        48.90674
                    ],
                    [
                        -1.917108,
                        48.907243
                    ],
                    [
                        -1.917171,
                        48.907764
                    ],
                    [
                        -1.917333,
                        48.908291
                    ],
                    [
                        -1.91745,
                        48.908818
                    ],
                    [
                        -1.917486,
                        48.909381
                    ],
                    [
                        -1.917602,
                        48.90992
                    ],
                    [
                        -1.917656,
                        48.910441
                    ],
                    [
                        -1.917746,
                        48.91092
                    ],
                    [
                        -1.917872,
                        48.911424
                    ],
                    [
                        -1.918015,
                        48.911909
                    ],
                    [
                        -1.918051,
                        48.912442
                    ],
                    [
                        -1.918132,
                        48.912874
                    ],
                    [
                        -1.918294,
                        48.913289
                    ],
                    [
                        -1.918339,
                        48.913822
                    ],
                    [
                        -1.918411,
                        48.914295
                    ],
                    [
                        -1.918483,
                        48.914704
                    ],
                    [
                        -1.91851,
                        48.915148
                    ],
                    [
                        -1.91851,
                        48.915497
                    ],
                    [
                        -1.918545,
                        48.915894
                    ],
                    [
                        -1.918707,
                        48.916373
                    ],
                    [
                        -1.918833,
                        48.916734
                    ],
                    [
                        -1.918941,
                        48.917179
                    ],
                    [
                        -1.919084,
                        48.917676
                    ],
                    [
                        -1.919156,
                        48.918114
                    ],
                    [
                        -1.919354,
                        48.918475
                    ],
                    [
                        -1.919417,
                        48.91896
                    ],
                    [
                        -1.919579,
                        48.919493
                    ],
                    [
                        -1.919758,
                        48.920008
                    ],
                    [
                        -1.919983,
                        48.920553
                    ],
                    [
                        -1.920198,
                        48.921086
                    ],
                    [
                        -1.920378,
                        48.921583
                    ],
                    [
                        -1.92054,
                        48.922163
                    ],
                    [
                        -1.920764,
                        48.922714
                    ],
                    [
                        -1.92098,
                        48.923258
                    ],
                    [
                        -1.921043,
                        48.923791
                    ],
                    [
                        -1.921142,
                        48.924276
                    ],
                    [
                        -1.921321,
                        48.924797
                    ],
                    [
                        -1.921402,
                        48.92517
                    ],
                    [
                        -1.921609,
                        48.925644
                    ],
                    [
                        -1.921842,
                        48.926035
                    ],
                    [
                        -1.92195,
                        48.926372
                    ],
                    [
                        -1.92213,
                        48.926804
                    ],
                    [
                        -1.922363,
                        48.927278
                    ],
                    [
                        -1.922543,
                        48.927793
                    ],
                    [
                        -1.922767,
                        48.928373
                    ],
                    [
                        -1.923037,
                        48.928953
                    ],
                    [
                        -1.923208,
                        48.92945
                    ],
                    [
                        -1.923441,
                        48.929953
                    ],
                    [
                        -1.923639,
                        48.930403
                    ],
                    [
                        -1.923854,
                        48.930918
                    ],
                    [
                        -1.924061,
                        48.931444
                    ],
                    [
                        -1.92416,
                        48.9319
                    ],
                    [
                        -1.924187,
                        48.932385
                    ],
                    [
                        -1.924223,
                        48.932918
                    ],
                    [
                        -1.924097,
                        48.933522
                    ],
                    [
                        -1.924133,
                        48.934125
                    ],
                    [
                        -1.92425,
                        48.934705
                    ],
                    [
                        -1.924268,
                        48.935291
                    ],
                    [
                        -1.924366,
                        48.935806
                    ],
                    [
                        -1.92451,
                        48.936292
                    ],
                    [
                        -1.924546,
                        48.936729
                    ],
                    [
                        -1.924573,
                        48.937232
                    ],
                    [
                        -1.924627,
                        48.937753
                    ],
                    [
                        -1.924717,
                        48.938345
                    ],
                    [
                        -1.924869,
                        48.938866
                    ],
                    [
                        -1.925031,
                        48.93941
                    ],
                    [
                        -1.92513,
                        48.939949
                    ],
                    [
                        -1.925175,
                        48.940493
                    ],
                    [
                        -1.92522,
                        48.941038
                    ],
                    [
                        -1.92531,
                        48.9416
                    ],
                    [
                        -1.925453,
                        48.942162
                    ],
                    [
                        -1.925633,
                        48.942689
                    ],
                    [
                        -1.925822,
                        48.943251
                    ],
                    [
                        -1.925947,
                        48.943813
                    ],
                    [
                        -1.926163,
                        48.944381
                    ],
                    [
                        -1.926378,
                        48.944896
                    ],
                    [
                        -1.926495,
                        48.945416
                    ],
                    [
                        -1.926693,
                        48.945949
                    ],
                    [
                        -1.926801,
                        48.946452
                    ],
                    [
                        -1.926908,
                        48.946955
                    ],
                    [
                        -1.927097,
                        48.947434
                    ],
                    [
                        -1.927223,
                        48.947955
                    ],
                    [
                        -1.927385,
                        48.948487
                    ],
                    [
                        -1.927492,
                        48.948966
                    ],
                    [
                        -1.927537,
                        48.949404
                    ],
                    [
                        -1.927672,
                        48.949913
                    ],
                    [
                        -1.927789,
                        48.950345
                    ],
                    [
                        -1.927879,
                        48.950676
                    ],
                    [
                        -1.927968,
                        48.951031
                    ],
                    [
                        -1.928085,
                        48.951392
                    ],
                    [
                        -1.928184,
                        48.951824
                    ],
                    [
                        -1.928346,
                        48.952315
                    ],
                    [
                        -1.928382,
                        48.952771
                    ],
                    [
                        -1.928624,
                        48.953214
                    ],
                    [
                        -1.928795,
                        48.953652
                    ],
                    [
                        -1.928966,
                        48.954173
                    ],
                    [
                        -1.929073,
                        48.954729
                    ],
                    [
                        -1.92928,
                        48.955285
                    ],
                    [
                        -1.929397,
                        48.955865
                    ],
                    [
                        -1.929576,
                        48.956432
                    ],
                    [
                        -1.929774,
                        48.956994
                    ],
                    [
                        -1.929981,
                        48.957521
                    ],
                    [
                        -1.930142,
                        48.958041
                    ],
                    [
                        -1.930313,
                        48.958562
                    ],
                    [
                        -1.930457,
                        48.959077
                    ],
                    [
                        -1.930564,
                        48.959621
                    ],
                    [
                        -1.930717,
                        48.960165
                    ],
                    [
                        -1.930825,
                        48.96065
                    ],
                    [
                        -1.93087,
                        48.961106
                    ],
                    [
                        -1.931014,
                        48.961537
                    ],
                    [
                        -1.93113,
                        48.961951
                    ],
                    [
                        -1.931211,
                        48.96233
                    ],
                    [
                        -1.931283,
                        48.962649
                    ],
                    [
                        -1.931445,
                        48.963022
                    ],
                    [
                        -1.931526,
                        48.963365
                    ],
                    [
                        -1.93166,
                        48.963785
                    ],
                    [
                        -1.931849,
                        48.964199
                    ],
                    [
                        -1.931993,
                        48.964566
                    ],
                    [
                        -1.932092,
                        48.964986
                    ],
                    [
                        -1.932298,
                        48.9655
                    ],
                    [
                        -1.932478,
                        48.966009
                    ],
                    [
                        -1.932613,
                        48.966547
                    ],
                    [
                        -1.932729,
                        48.966985
                    ],
                    [
                        -1.932837,
                        48.967488
                    ],
                    [
                        -1.932981,
                        48.967996
                    ],
                    [
                        -1.933125,
                        48.968463
                    ],
                    [
                        -1.93325,
                        48.968966
                    ],
                    [
                        -1.933385,
                        48.969421
                    ],
                    [
                        -1.933574,
                        48.969883
                    ],
                    [
                        -1.933744,
                        48.970362
                    ],
                    [
                        -1.93387,
                        48.970841
                    ],
                    [
                        -1.93405,
                        48.971344
                    ],
                    [
                        -1.934149,
                        48.971882
                    ],
                    [
                        -1.934203,
                        48.97239
                    ],
                    [
                        -1.934274,
                        48.972893
                    ],
                    [
                        -1.934364,
                        48.973402
                    ],
                    [
                        -1.934472,
                        48.973928
                    ],
                    [
                        -1.93458,
                        48.974419
                    ],
                    [
                        -1.93475,
                        48.974844
                    ],
                    [
                        -1.934975,
                        48.975288
                    ],
                    [
                        -1.935173,
                        48.975785
                    ],
                    [
                        -1.935298,
                        48.97624
                    ],
                    [
                        -1.935406,
                        48.976743
                    ],
                    [
                        -1.935613,
                        48.977222
                    ],
                    [
                        -1.935757,
                        48.977701
                    ],
                    [
                        -1.935873,
                        48.978138
                    ],
                    [
                        -1.935918,
                        48.978546
                    ],
                    [
                        -1.935936,
                        48.978966
                    ],
                    [
                        -1.935963,
                        48.97948
                    ],
                    [
                        -1.936071,
                        48.980036
                    ],
                    [
                        -1.936152,
                        48.980633
                    ],
                    [
                        -1.936197,
                        48.981171
                    ],
                    [
                        -1.936278,
                        48.981709
                    ],
                    [
                        -1.936313,
                        48.982253
                    ],
                    [
                        -1.936304,
                        48.982851
                    ],
                    [
                        -1.936376,
                        48.983383
                    ],
                    [
                        -1.936439,
                        48.983921
                    ],
                    [
                        -1.936592,
                        48.984406
                    ],
                    [
                        -1.936808,
                        48.984825
                    ],
                    [
                        -1.936978,
                        48.98534
                    ],
                    [
                        -1.937203,
                        48.985795
                    ],
                    [
                        -1.937302,
                        48.986297
                    ],
                    [
                        -1.937445,
                        48.986841
                    ],
                    [
                        -1.937607,
                        48.98722
                    ],
                    [
                        -1.937652,
                        48.987568
                    ],
                    [
                        -1.937796,
                        48.987976
                    ],
                    [
                        -1.938002,
                        48.988414
                    ],
                    [
                        -1.938164,
                        48.988887
                    ],
                    [
                        -1.93838,
                        48.989366
                    ],
                    [
                        -1.938586,
                        48.989797
                    ],
                    [
                        -1.938757,
                        48.990258
                    ],
                    [
                        -1.938981,
                        48.990595
                    ],
                    [
                        -1.939053,
                        48.990938
                    ],
                    [
                        -1.939152,
                        48.99137
                    ],
                    [
                        -1.939269,
                        48.991784
                    ],
                    [
                        -1.939413,
                        48.992209
                    ],
                    [
                        -1.939475,
                        48.992605
                    ],
                    [
                        -1.939592,
                        48.99306
                    ],
                    [
                        -1.939745,
                        48.99348
                    ],
                    [
                        -1.93979,
                        48.993847
                    ],
                    [
                        -1.939844,
                        48.994225
                    ],
                    [
                        -1.939996,
                        48.994733
                    ],
                    [
                        -1.940176,
                        48.995277
                    ],
                    [
                        -1.940401,
                        48.995774
                    ],
                    [
                        -1.940562,
                        48.996229
                    ],
                    [
                        -1.940589,
                        48.996607
                    ],
                    [
                        -1.940697,
                        48.997109
                    ],
                    [
                        -1.940922,
                        48.997612
                    ],
                    [
                        -1.941038,
                        48.998085
                    ],
                    [
                        -1.941245,
                        48.99854
                    ],
                    [
                        -1.94138,
                        48.998906
                    ],
                    [
                        -1.941541,
                        48.999302
                    ],
                    [
                        -1.941757,
                        48.999716
                    ],
                    [
                        -1.941892,
                        49.000071
                    ],
                    [
                        -1.941865,
                        49.000508
                    ],
                    [
                        -1.942027,
                        49.000981
                    ],
                    [
                        -1.942233,
                        49.001418
                    ],
                    [
                        -1.942413,
                        49.001785
                    ],
                    [
                        -1.942503,
                        49.002175
                    ],
                    [
                        -1.942574,
                        49.002689
                    ],
                    [
                        -1.942736,
                        49.003126
                    ],
                    [
                        -1.942835,
                        49.003504
                    ],
                    [
                        -1.942934,
                        49.003912
                    ],
                    [
                        -1.94297,
                        49.004267
                    ],
                    [
                        -1.943006,
                        49.004663
                    ],
                    [
                        -1.94314,
                        49.005224
                    ],
                    [
                        -1.943248,
                        49.005667
                    ],
                    [
                        -1.943284,
                        49.006099
                    ],
                    [
                        -1.9435,
                        49.006625
                    ],
                    [
                        -1.94367,
                        49.007039
                    ],
                    [
                        -1.943706,
                        49.007476
                    ],
                    [
                        -1.943814,
                        49.007955
                    ],
                    [
                        -1.943886,
                        49.008398
                    ],
                    [
                        -1.943931,
                        49.008865
                    ],
                    [
                        -1.944039,
                        49.009308
                    ],
                    [
                        -1.944236,
                        49.009857
                    ],
                    [
                        -1.944479,
                        49.010354
                    ],
                    [
                        -1.944712,
                        49.010779
                    ],
                    [
                        -1.944865,
                        49.011199
                    ],
                    [
                        -1.944955,
                        49.011648
                    ],
                    [
                        -1.945045,
                        49.012032
                    ],
                    [
                        -1.945197,
                        49.012481
                    ],
                    [
                        -1.945404,
                        49.012836
                    ],
                    [
                        -1.945548,
                        49.013202
                    ],
                    [
                        -1.945674,
                        49.01361
                    ],
                    [
                        -1.945817,
                        49.013958
                    ],
                    [
                        -1.945979,
                        49.014366
                    ],
                    [
                        -1.946168,
                        49.01485
                    ],
                    [
                        -1.946356,
                        49.01537
                    ],
                    [
                        -1.946572,
                        49.015878
                    ],
                    [
                        -1.946832,
                        49.016381
                    ],
                    [
                        -1.947039,
                        49.016859
                    ],
                    [
                        -1.947237,
                        49.017332
                    ],
                    [
                        -1.947353,
                        49.017781
                    ],
                    [
                        -1.947569,
                        49.018212
                    ],
                    [
                        -1.947695,
                        49.018579
                    ],
                    [
                        -1.947758,
                        49.018915
                    ],
                    [
                        -1.947784,
                        49.019223
                    ],
                    [
                        -1.947973,
                        49.019648
                    ],
                    [
                        -1.948099,
                        49.020097
                    ],
                    [
                        -1.948243,
                        49.020505
                    ],
                    [
                        -1.948467,
                        49.020912
                    ],
                    [
                        -1.94862,
                        49.021338
                    ],
                    [
                        -1.948862,
                        49.021745
                    ],
                    [
                        -1.949069,
                        49.022183
                    ],
                    [
                        -1.949177,
                        49.022608
                    ],
                    [
                        -1.949276,
                        49.023045
                    ],
                    [
                        -1.9495,
                        49.023512
                    ],
                    [
                        -1.949743,
                        49.023984
                    ],
                    [
                        -1.949967,
                        49.02441
                    ],
                    [
                        -1.950246,
                        49.024865
                    ],
                    [
                        -1.950416,
                        49.025296
                    ],
                    [
                        -1.950623,
                        49.025709
                    ],
                    [
                        -1.950785,
                        49.026099
                    ],
                    [
                        -1.950973,
                        49.026513
                    ],
                    [
                        -1.951153,
                        49.026926
                    ],
                    [
                        -1.951396,
                        49.027422
                    ],
                    [
                        -1.95171,
                        49.027942
                    ],
                    [
                        -1.951917,
                        49.028438
                    ],
                    [
                        -1.952096,
                        49.028905
                    ],
                    [
                        -1.952213,
                        49.029301
                    ],
                    [
                        -1.952429,
                        49.029626
                    ],
                    [
                        -1.952581,
                        49.029915
                    ],
                    [
                        -1.952581,
                        49.030157
                    ],
                    [
                        -1.952698,
                        49.03063
                    ],
                    [
                        -1.952815,
                        49.03102
                    ],
                    [
                        -1.95303,
                        49.031457
                    ],
                    [
                        -1.953228,
                        49.031811
                    ],
                    [
                        -1.953336,
                        49.032142
                    ],
                    [
                        -1.953533,
                        49.032597
                    ],
                    [
                        -1.953758,
                        49.033028
                    ],
                    [
                        -1.95392,
                        49.033465
                    ],
                    [
                        -1.954144,
                        49.03392
                    ],
                    [
                        -1.954351,
                        49.034351
                    ],
                    [
                        -1.954602,
                        49.034806
                    ],
                    [
                        -1.954872,
                        49.035231
                    ],
                    [
                        -1.955088,
                        49.035639
                    ],
                    [
                        -1.955375,
                        49.036087
                    ],
                    [
                        -1.955707,
                        49.036584
                    ],
                    [
                        -1.956076,
                        49.037068
                    ],
                    [
                        -1.956291,
                        49.037529
                    ],
                    [
                        -1.956606,
                        49.038025
                    ],
                    [
                        -1.956893,
                        49.038444
                    ],
                    [
                        -1.957154,
                        49.038964
                    ],
                    [
                        -1.957432,
                        49.039413
                    ],
                    [
                        -1.957684,
                        49.039832
                    ],
                    [
                        -1.957926,
                        49.040316
                    ],
                    [
                        -1.958187,
                        49.040771
                    ],
                    [
                        -1.958402,
                        49.041161
                    ],
                    [
                        -1.958627,
                        49.041533
                    ],
                    [
                        -1.958797,
                        49.041846
                    ],
                    [
                        -1.958932,
                        49.042289
                    ],
                    [
                        -1.959211,
                        49.042767
                    ],
                    [
                        -1.95939,
                        49.043115
                    ],
                    [
                        -1.959606,
                        49.043511
                    ],
                    [
                        -1.959759,
                        49.043948
                    ],
                    [
                        -1.960055,
                        49.044438
                    ],
                    [
                        -1.960369,
                        49.04494
                    ],
                    [
                        -1.960693,
                        49.045365
                    ],
                    [
                        -1.960783,
                        49.045737
                    ],
                    [
                        -1.960971,
                        49.046192
                    ],
                    [
                        -1.961088,
                        49.046558
                    ],
                    [
                        -1.961214,
                        49.046918
                    ],
                    [
                        -1.961366,
                        49.047326
                    ],
                    [
                        -1.961582,
                        49.047798
                    ],
                    [
                        -1.961825,
                        49.048276
                    ],
                    [
                        -1.962058,
                        49.048713
                    ],
                    [
                        -1.962193,
                        49.049032
                    ],
                    [
                        -1.962184,
                        49.049339
                    ],
                    [
                        -1.962391,
                        49.049788
                    ],
                    [
                        -1.962669,
                        49.050242
                    ],
                    [
                        -1.962795,
                        49.050662
                    ],
                    [
                        -1.962947,
                        49.051104
                    ],
                    [
                        -1.963199,
                        49.051547
                    ],
                    [
                        -1.963406,
                        49.052002
                    ],
                    [
                        -1.963648,
                        49.052403
                    ],
                    [
                        -1.963891,
                        49.052858
                    ],
                    [
                        -1.964205,
                        49.053301
                    ],
                    [
                        -1.964546,
                        49.053714
                    ],
                    [
                        -1.964825,
                        49.054092
                    ],
                    [
                        -1.965058,
                        49.054452
                    ],
                    [
                        -1.965121,
                        49.054836
                    ],
                    [
                        -1.965373,
                        49.055243
                    ],
                    [
                        -1.965588,
                        49.055603
                    ],
                    [
                        -1.965894,
                        49.056023
                    ],
                    [
                        -1.966127,
                        49.056465
                    ],
                    [
                        -1.966379,
                        49.056944
                    ],
                    [
                        -1.966639,
                        49.057457
                    ],
                    [
                        -1.966963,
                        49.057947
                    ],
                    [
                        -1.967241,
                        49.058354
                    ],
                    [
                        -1.967376,
                        49.058697
                    ],
                    [
                        -1.967547,
                        49.05911
                    ],
                    [
                        -1.967726,
                        49.059553
                    ],
                    [
                        -1.967978,
                        49.060002
                    ],
                    [
                        -1.968229,
                        49.060432
                    ],
                    [
                        -1.968391,
                        49.060857
                    ],
                    [
                        -1.968616,
                        49.061288
                    ],
                    [
                        -1.968876,
                        49.061731
                    ],
                    [
                        -1.969146,
                        49.062144
                    ],
                    [
                        -1.969406,
                        49.062617
                    ],
                    [
                        -1.969685,
                        49.063112
                    ],
                    [
                        -1.969936,
                        49.06362
                    ],
                    [
                        -1.970188,
                        49.064116
                    ],
                    [
                        -1.970511,
                        49.064618
                    ],
                    [
                        -1.970798,
                        49.065125
                    ],
                    [
                        -1.971032,
                        49.065609
                    ],
                    [
                        -1.971328,
                        49.066135
                    ],
                    [
                        -1.971607,
                        49.066648
                    ],
                    [
                        -1.971867,
                        49.067156
                    ],
                    [
                        -1.972137,
                        49.067646
                    ],
                    [
                        -1.972424,
                        49.068106
                    ],
                    [
                        -1.972685,
                        49.068566
                    ],
                    [
                        -1.973044,
                        49.069015
                    ],
                    [
                        -1.973385,
                        49.069351
                    ],
                    [
                        -1.973718,
                        49.069717
                    ],
                    [
                        -1.973942,
                        49.070089
                    ],
                    [
                        -1.974221,
                        49.070496
                    ],
                    [
                        -1.974508,
                        49.070886
                    ],
                    [
                        -1.974715,
                        49.07124
                    ],
                    [
                        -1.974859,
                        49.071612
                    ],
                    [
                        -1.975101,
                        49.071996
                    ],
                    [
                        -1.975326,
                        49.072409
                    ],
                    [
                        -1.975487,
                        49.072786
                    ],
                    [
                        -1.975595,
                        49.073093
                    ],
                    [
                        -1.975613,
                        49.073412
                    ],
                    [
                        -1.975784,
                        49.07379
                    ],
                    [
                        -1.975883,
                        49.07412
                    ],
                    [
                        -1.975919,
                        49.074433
                    ],
                    [
                        -1.976152,
                        49.074781
                    ],
                    [
                        -1.976323,
                        49.075159
                    ],
                    [
                        -1.97661,
                        49.075525
                    ],
                    [
                        -1.976781,
                        49.075849
                    ],
                    [
                        -1.976898,
                        49.07618
                    ],
                    [
                        -1.977203,
                        49.076605
                    ],
                    [
                        -1.977437,
                        49.077006
                    ],
                    [
                        -1.977634,
                        49.077407
                    ],
                    [
                        -1.977895,
                        49.077803
                    ],
                    [
                        -1.978083,
                        49.078239
                    ],
                    [
                        -1.978335,
                        49.07867
                    ],
                    [
                        -1.978631,
                        49.079083
                    ],
                    [
                        -1.978973,
                        49.079514
                    ],
                    [
                        -1.979251,
                        49.079921
                    ],
                    [
                        -1.979485,
                        49.080252
                    ],
                    [
                        -1.979682,
                        49.080594
                    ],
                    [
                        -1.979898,
                        49.080971
                    ],
                    [
                        -1.98023,
                        49.081402
                    ],
                    [
                        -1.980527,
                        49.081862
                    ],
                    [
                        -1.980859,
                        49.08227
                    ],
                    [
                        -1.981147,
                        49.082624
                    ],
                    [
                        -1.981272,
                        49.082936
                    ],
                    [
                        -1.981461,
                        49.083296
                    ],
                    [
                        -1.981713,
                        49.08365
                    ],
                    [
                        -1.981937,
                        49.084004
                    ],
                    [
                        -1.982099,
                        49.084388
                    ],
                    [
                        -1.982251,
                        49.084783
                    ],
                    [
                        -1.982422,
                        49.085202
                    ],
                    [
                        -1.982656,
                        49.085586
                    ],
                    [
                        -1.98288,
                        49.085957
                    ],
                    [
                        -1.983024,
                        49.086258
                    ],
                    [
                        -1.983123,
                        49.086559
                    ],
                    [
                        -1.983114,
                        49.086612
                    ],
                    [
                        -1.983159,
                        49.0864
                    ],
                    [
                        -1.983276,
                        49.086111
                    ],
                    [
                        -1.983761,
                        49.085721
                    ],
                    [
                        -1.984228,
                        49.08535
                    ],
                    [
                        -1.984668,
                        49.084907
                    ],
                    [
                        -1.985171,
                        49.08447
                    ],
                    [
                        -1.985386,
                        49.084229
                    ],
                    [
                        -1.985692,
                        49.083981
                    ],
                    [
                        -1.986069,
                        49.08368
                    ],
                    [
                        -1.98633,
                        49.083432
                    ],
                    [
                        -1.98659,
                        49.083161
                    ],
                    [
                        -1.986887,
                        49.082925
                    ],
                    [
                        -1.987183,
                        49.0827
                    ],
                    [
                        -1.987506,
                        49.082488
                    ],
                    [
                        -1.987803,
                        49.08227
                    ],
                    [
                        -1.988036,
                        49.082022
                    ],
                    [
                        -1.988297,
                        49.081786
                    ],
                    [
                        -1.988584,
                        49.081544
                    ],
                    [
                        -1.988764,
                        49.081379
                    ],
                    [
                        -1.988926,
                        49.08119
                    ],
                    [
                        -1.989186,
                        49.080954
                    ],
                    [
                        -1.989528,
                        49.080741
                    ],
                    [
                        -1.989321,
                        49.081019
                    ],
                    [
                        -1.989294,
                        49.081396
                    ],
                    [
                        -1.989402,
                        49.081809
                    ],
                    [
                        -1.989402,
                        49.082205
                    ],
                    [
                        -1.989519,
                        49.082677
                    ],
                    [
                        -1.989716,
                        49.083137
                    ],
                    [
                        -1.989887,
                        49.083638
                    ],
                    [
                        -1.989986,
                        49.084105
                    ],
                    [
                        -1.990174,
                        49.084701
                    ],
                    [
                        -1.990381,
                        49.085267
                    ],
                    [
                        -1.990623,
                        49.085851
                    ],
                    [
                        -1.990848,
                        49.086406
                    ],
                    [
                        -1.990956,
                        49.086901
                    ],
                    [
                        -1.991144,
                        49.087397
                    ],
                    [
                        -1.991288,
                        49.087857
                    ],
                    [
                        -1.991378,
                        49.088317
                    ],
                    [
                        -1.991603,
                        49.088884
                    ],
                    [
                        -1.991818,
                        49.089444
                    ],
                    [
                        -1.99198,
                        49.089963
                    ],
                    [
                        -1.992222,
                        49.0905
                    ],
                    [
                        -1.992411,
                        49.091025
                    ],
                    [
                        -1.992645,
                        49.091539
                    ],
                    [
                        -1.99286,
                        49.092016
                    ],
                    [
                        -1.992968,
                        49.092453
                    ],
                    [
                        -1.993076,
                        49.092984
                    ],
                    [
                        -1.993211,
                        49.093485
                    ],
                    [
                        -1.993489,
                        49.093999
                    ],
                    [
                        -1.993723,
                        49.094465
                    ],
                    [
                        -1.993893,
                        49.094913
                    ],
                    [
                        -1.994064,
                        49.095438
                    ],
                    [
                        -1.994297,
                        49.095981
                    ],
                    [
                        -1.994486,
                        49.096494
                    ],
                    [
                        -1.994648,
                        49.096972
                    ],
                    [
                        -1.994836,
                        49.097485
                    ],
                    [
                        -1.995052,
                        49.097992
                    ],
                    [
                        -1.995277,
                        49.098452
                    ],
                    [
                        -1.995474,
                        49.098912
                    ],
                    [
                        -1.995627,
                        49.099355
                    ],
                    [
                        -1.995816,
                        49.09985
                    ],
                    [
                        -1.995932,
                        49.100299
                    ],
                    [
                        -1.996157,
                        49.100806
                    ],
                    [
                        -1.996444,
                        49.101236
                    ],
                    [
                        -1.996543,
                        49.101661
                    ],
                    [
                        -1.996669,
                        49.102074
                    ],
                    [
                        -1.996893,
                        49.102552
                    ],
                    [
                        -1.997082,
                        49.103018
                    ],
                    [
                        -1.997289,
                        49.103472
                    ],
                    [
                        -1.997361,
                        49.103814
                    ],
                    [
                        -1.997513,
                        49.104209
                    ],
                    [
                        -1.997684,
                        49.104628
                    ],
                    [
                        -1.997882,
                        49.1051
                    ],
                    [
                        -1.998115,
                        49.105589
                    ],
                    [
                        -1.998349,
                        49.106067
                    ],
                    [
                        -1.998555,
                        49.106568
                    ],
                    [
                        -1.998735,
                        49.106999
                    ],
                    [
                        -1.99887,
                        49.107429
                    ],
                    [
                        -1.999103,
                        49.107901
                    ],
                    [
                        -1.999328,
                        49.108385
                    ],
                    [
                        -1.999498,
                        49.10888
                    ],
                    [
                        -1.999714,
                        49.109322
                    ],
                    [
                        -1.99993,
                        49.109782
                    ],
                    [
                        -2.000199,
                        49.110219
                    ],
                    [
                        -2.000433,
                        49.110673
                    ],
                    [
                        -2.000648,
                        49.111133
                    ],
                    [
                        -2.001017,
                        49.111687
                    ],
                    [
                        -2.001304,
                        49.112236
                    ],
                    [
                        -2.001672,
                        49.112772
                    ],
                    [
                        -2.002041,
                        49.113291
                    ],
                    [
                        -2.002355,
                        49.113769
                    ],
                    [
                        -2.002615,
                        49.114223
                    ],
                    [
                        -2.002786,
                        49.114583
                    ],
                    [
                        -2.002903,
                        49.114978
                    ],
                    [
                        -2.003199,
                        49.115461
                    ],
                    [
                        -2.003388,
                        49.115862
                    ],
                    [
                        -2.003541,
                        49.116245
                    ],
                    [
                        -2.003747,
                        49.116676
                    ],
                    [
                        -2.003891,
                        49.117083
                    ],
                    [
                        -2.004134,
                        49.117495
                    ],
                    [
                        -2.00434,
                        49.11792
                    ],
                    [
                        -2.004601,
                        49.118392
                    ],
                    [
                        -2.004969,
                        49.118893
                    ],
                    [
                        -2.005328,
                        49.119359
                    ],
                    [
                        -2.005571,
                        49.119765
                    ],
                    [
                        -2.005724,
                        49.120161
                    ],
                    [
                        -2.005921,
                        49.120544
                    ],
                    [
                        -2.0062,
                        49.120968
                    ],
                    [
                        -2.006442,
                        49.12141
                    ],
                    [
                        -2.006676,
                        49.121882
                    ],
                    [
                        -2.006981,
                        49.122348
                    ],
                    [
                        -2.007233,
                        49.122796
                    ],
                    [
                        -2.007457,
                        49.123238
                    ],
                    [
                        -2.007727,
                        49.123704
                    ],
                    [
                        -2.007996,
                        49.124164
                    ],
                    [
                        -2.0084,
                        49.124677
                    ],
                    [
                        -2.008814,
                        49.125178
                    ],
                    [
                        -2.0092,
                        49.125579
                    ],
                    [
                        -2.009451,
                        49.125974
                    ],
                    [
                        -2.00964,
                        49.126357
                    ],
                    [
                        -2.009901,
                        49.126764
                    ],
                    [
                        -2.010152,
                        49.127188
                    ],
                    [
                        -2.010413,
                        49.127571
                    ],
                    [
                        -2.010646,
                        49.127931
                    ],
                    [
                        -2.010871,
                        49.128267
                    ],
                    [
                        -2.011086,
                        49.128615
                    ],
                    [
                        -2.011212,
                        49.128904
                    ],
                    [
                        -2.011356,
                        49.129287
                    ],
                    [
                        -2.011661,
                        49.129652
                    ],
                    [
                        -2.011895,
                        49.130024
                    ],
                    [
                        -2.011805,
                        49.13
                    ],
                    [
                        -2.011679,
                        49.129835
                    ],
                    [
                        -2.011607,
                        49.129676
                    ],
                    [
                        -2.011607,
                        49.129475
                    ],
                    [
                        -2.011625,
                        49.129316
                    ],
                    [
                        -2.011805,
                        49.129075
                    ],
                    [
                        -2.01211,
                        49.128774
                    ],
                    [
                        -2.012407,
                        49.12845
                    ],
                    [
                        -2.012667,
                        49.128137
                    ],
                    [
                        -2.012928,
                        49.127819
                    ],
                    [
                        -2.013332,
                        49.127512
                    ],
                    [
                        -2.01361,
                        49.127277
                    ],
                    [
                        -2.01388,
                        49.127011
                    ],
                    [
                        -2.014176,
                        49.12674
                    ],
                    [
                        -2.014302,
                        49.126569
                    ],
                    [
                        -2.0145,
                        49.126345
                    ],
                    [
                        -2.014688,
                        49.12608
                    ],
                    [
                        -2.014931,
                        49.125844
                    ],
                    [
                        -2.015173,
                        49.125579
                    ],
                    [
                        -2.015434,
                        49.125319
                    ],
                    [
                        -2.015676,
                        49.125101
                    ],
                    [
                        -2.015892,
                        49.124889
                    ],
                    [
                        -2.016099,
                        49.124694
                    ],
                    [
                        -2.016341,
                        49.124476
                    ],
                    [
                        -2.016494,
                        49.124294
                    ],
                    [
                        -2.016763,
                        49.124034
                    ],
                    [
                        -2.017141,
                        49.123698
                    ],
                    [
                        -2.017509,
                        49.123415
                    ],
                    [
                        -2.017895,
                        49.123167
                    ],
                    [
                        -2.018201,
                        49.12289
                    ],
                    [
                        -2.018632,
                        49.122572
                    ],
                    [
                        -2.019027,
                        49.122224
                    ],
                    [
                        -2.019476,
                        49.121935
                    ],
                    [
                        -2.0198,
                        49.121664
                    ],
                    [
                        -2.020105,
                        49.121434
                    ],
                    [
                        -2.020365,
                        49.121216
                    ],
                    [
                        -2.020563,
                        49.121021
                    ],
                    [
                        -2.020806,
                        49.120827
                    ],
                    [
                        -2.021048,
                        49.120644
                    ],
                    [
                        -2.021363,
                        49.120396
                    ],
                    [
                        -2.021731,
                        49.120125
                    ],
                    [
                        -2.022081,
                        49.119819
                    ],
                    [
                        -2.022575,
                        49.119512
                    ],
                    [
                        -2.022962,
                        49.119258
                    ],
                    [
                        -2.023402,
                        49.119011
                    ],
                    [
                        -2.023752,
                        49.11881
                    ],
                    [
                        -2.024102,
                        49.118551
                    ],
                    [
                        -2.024462,
                        49.118297
                    ],
                    [
                        -2.024839,
                        49.118056
                    ],
                    [
                        -2.025288,
                        49.11779
                    ],
                    [
                        -2.025656,
                        49.117602
                    ],
                    [
                        -2.026016,
                        49.117413
                    ],
                    [
                        -2.026357,
                        49.117177
                    ],
                    [
                        -2.026716,
                        49.116935
                    ],
                    [
                        -2.027085,
                        49.116688
                    ],
                    [
                        -2.027588,
                        49.116416
                    ],
                    [
                        -2.028055,
                        49.116133
                    ],
                    [
                        -2.028549,
                        49.115844
                    ],
                    [
                        -2.029061,
                        49.115508
                    ],
                    [
                        -2.029636,
                        49.115202
                    ],
                    [
                        -2.030193,
                        49.114801
                    ],
                    [
                        -2.030804,
                        49.114435
                    ],
                    [
                        -2.031307,
                        49.114099
                    ],
                    [
                        -2.03189,
                        49.113781
                    ],
                    [
                        -2.032375,
                        49.113468
                    ],
                    [
                        -2.032897,
                        49.113179
                    ],
                    [
                        -2.033435,
                        49.112884
                    ],
                    [
                        -2.033992,
                        49.11256
                    ],
                    [
                        -2.034522,
                        49.112259
                    ],
                    [
                        -2.035088,
                        49.111964
                    ],
                    [
                        -2.035663,
                        49.111687
                    ],
                    [
                        -2.036094,
                        49.111457
                    ],
                    [
                        -2.036642,
                        49.111156
                    ],
                    [
                        -2.037244,
                        49.110814
                    ],
                    [
                        -2.037864,
                        49.110496
                    ],
                    [
                        -2.038502,
                        49.110172
                    ],
                    [
                        -2.039104,
                        49.109853
                    ],
                    [
                        -2.039723,
                        49.109635
                    ],
                    [
                        -2.040235,
                        49.10937
                    ],
                    [
                        -2.040801,
                        49.109081
                    ],
                    [
                        -2.041394,
                        49.108833
                    ],
                    [
                        -2.041915,
                        49.108597
                    ],
                    [
                        -2.042355,
                        49.108426
                    ],
                    [
                        -2.042814,
                        49.108249
                    ],
                    [
                        -2.043343,
                        49.107984
                    ],
                    [
                        -2.043909,
                        49.107689
                    ],
                    [
                        -2.044457,
                        49.107423
                    ],
                    [
                        -2.045068,
                        49.107199
                    ],
                    [
                        -2.04567,
                        49.10691
                    ],
                    [
                        -2.046263,
                        49.106686
                    ],
                    [
                        -2.046775,
                        49.106397
                    ],
                    [
                        -2.047413,
                        49.106161
                    ],
                    [
                        -2.047826,
                        49.105925
                    ],
                    [
                        -2.048437,
                        49.105625
                    ],
                    [
                        -2.049092,
                        49.105341
                    ],
                    [
                        -2.049685,
                        49.105106
                    ],
                    [
                        -2.050314,
                        49.104864
                    ],
                    [
                        -2.050772,
                        49.104669
                    ],
                    [
                        -2.051365,
                        49.104463
                    ],
                    [
                        -2.051904,
                        49.104274
                    ],
                    [
                        -2.052425,
                        49.104056
                    ],
                    [
                        -2.053036,
                        49.103873
                    ],
                    [
                        -2.053521,
                        49.103696
                    ],
                    [
                        -2.054006,
                        49.103495
                    ],
                    [
                        -2.054617,
                        49.103271
                    ],
                    [
                        -2.055165,
                        49.103112
                    ],
                    [
                        -2.05574,
                        49.102852
                    ],
                    [
                        -2.056387,
                        49.102605
                    ],
                    [
                        -2.056979,
                        49.102369
                    ],
                    [
                        -2.057599,
                        49.102062
                    ],
                    [
                        -2.058264,
                        49.101803
                    ],
                    [
                        -2.058291,
                        49.102198
                    ],
                    [
                        -2.058506,
                        49.102723
                    ],
                    [
                        -2.058713,
                        49.103307
                    ],
                    [
                        -2.059009,
                        49.10392
                    ],
                    [
                        -2.059297,
                        49.104575
                    ],
                    [
                        -2.059611,
                        49.105235
                    ],
                    [
                        -2.059872,
                        49.105849
                    ],
                    [
                        -2.060159,
                        49.106385
                    ],
                    [
                        -2.060429,
                        49.106893
                    ],
                    [
                        -2.060599,
                        49.107358
                    ],
                    [
                        -2.060905,
                        49.107824
                    ],
                    [
                        -2.061094,
                        49.108279
                    ],
                    [
                        -2.061345,
                        49.108756
                    ],
                    [
                        -2.061579,
                        49.109199
                    ],
                    [
                        -2.061812,
                        49.109682
                    ],
                    [
                        -2.062144,
                        49.110242
                    ],
                    [
                        -2.062315,
                        49.110649
                    ],
                    [
                        -2.062549,
                        49.11118
                    ],
                    [
                        -2.0628,
                        49.111723
                    ],
                    [
                        -2.063088,
                        49.112259
                    ],
                    [
                        -2.063402,
                        49.11276
                    ],
                    [
                        -2.06369,
                        49.113321
                    ],
                    [
                        -2.064004,
                        49.113863
                    ],
                    [
                        -2.064273,
                        49.114335
                    ],
                    [
                        -2.064525,
                        49.11486
                    ],
                    [
                        -2.06483,
                        49.115384
                    ],
                    [
                        -2.065172,
                        49.115951
                    ],
                    [
                        -2.065441,
                        49.116422
                    ],
                    [
                        -2.065729,
                        49.116923
                    ],
                    [
                        -2.065935,
                        49.117372
                    ],
                    [
                        -2.066187,
                        49.117855
                    ],
                    [
                        -2.066393,
                        49.118309
                    ],
                    [
                        -2.066627,
                        49.118793
                    ],
                    [
                        -2.066887,
                        49.119258
                    ],
                    [
                        -2.066977,
                        49.119618
                    ],
                    [
                        -2.067148,
                        49.120019
                    ],
                    [
                        -2.067363,
                        49.120455
                    ],
                    [
                        -2.067579,
                        49.120886
                    ],
                    [
                        -2.067822,
                        49.121316
                    ],
                    [
                        -2.068154,
                        49.121811
                    ],
                    [
                        -2.068495,
                        49.122301
                    ],
                    [
                        -2.068792,
                        49.122725
                    ],
                    [
                        -2.069079,
                        49.123167
                    ],
                    [
                        -2.069331,
                        49.123621
                    ],
                    [
                        -2.069726,
                        49.124146
                    ],
                    [
                        -2.07004,
                        49.124588
                    ],
                    [
                        -2.070319,
                        49.125048
                    ],
                    [
                        -2.070543,
                        49.125443
                    ],
                    [
                        -2.070804,
                        49.125891
                    ],
                    [
                        -2.071064,
                        49.126292
                    ],
                    [
                        -2.071343,
                        49.126728
                    ],
                    [
                        -2.071666,
                        49.127188
                    ],
                    [
                        -2.071864,
                        49.127595
                    ],
                    [
                        -2.072151,
                        49.128031
                    ],
                    [
                        -2.072358,
                        49.128432
                    ],
                    [
                        -2.0726,
                        49.128845
                    ],
                    [
                        -2.07296,
                        49.129316
                    ],
                    [
                        -2.07331,
                        49.129788
                    ],
                    [
                        -2.073607,
                        49.130259
                    ],
                    [
                        -2.073849,
                        49.130713
                    ],
                    [
                        -2.074146,
                        49.131203
                    ],
                    [
                        -2.074406,
                        49.131633
                    ],
                    [
                        -2.074613,
                        49.132052
                    ],
                    [
                        -2.074864,
                        49.132517
                    ],
                    [
                        -2.075134,
                        49.132947
                    ],
                    [
                        -2.075403,
                        49.133419
                    ],
                    [
                        -2.075735,
                        49.133902
                    ],
                    [
                        -2.076068,
                        49.134333
                    ],
                    [
                        -2.076337,
                        49.134769
                    ],
                    [
                        -2.076625,
                        49.135205
                    ],
                    [
                        -2.076957,
                        49.135618
                    ],
                    [
                        -2.077325,
                        49.136024
                    ],
                    [
                        -2.077712,
                        49.136455
                    ],
                    [
                        -2.078089,
                        49.136838
                    ],
                    [
                        -2.078358,
                        49.137191
                    ],
                    [
                        -2.078835,
                        49.137681
                    ],
                    [
                        -2.079266,
                        49.138158
                    ],
                    [
                        -2.079742,
                        49.138671
                    ],
                    [
                        -2.080191,
                        49.13913
                    ],
                    [
                        -2.080694,
                        49.139596
                    ],
                    [
                        -2.081179,
                        49.140032
                    ],
                    [
                        -2.081592,
                        49.140439
                    ],
                    [
                        -2.082077,
                        49.140904
                    ],
                    [
                        -2.082284,
                        49.140958
                    ],
                    [
                        -2.082419,
                        49.140739
                    ],
                    [
                        -2.082706,
                        49.14051
                    ],
                    [
                        -2.082913,
                        49.140315
                    ],
                    [
                        -2.083371,
                        49.140026
                    ],
                    [
                        -2.083685,
                        49.139826
                    ],
                    [
                        -2.083982,
                        49.139637
                    ],
                    [
                        -2.08435,
                        49.139407
                    ],
                    [
                        -2.08461,
                        49.139254
                    ],
                    [
                        -2.084907,
                        49.138989
                    ],
                    [
                        -2.085356,
                        49.138683
                    ],
                    [
                        -2.085823,
                        49.138388
                    ],
                    [
                        -2.086308,
                        49.138129
                    ],
                    [
                        -2.08665,
                        49.137905
                    ],
                    [
                        -2.087072,
                        49.137645
                    ],
                    [
                        -2.087368,
                        49.137409
                    ],
                    [
                        -2.087602,
                        49.137209
                    ],
                    [
                        -2.088006,
                        49.136885
                    ],
                    [
                        -2.088275,
                        49.136679
                    ],
                    [
                        -2.088617,
                        49.136437
                    ],
                    [
                        -2.089093,
                        49.136142
                    ],
                    [
                        -2.089434,
                        49.135895
                    ],
                    [
                        -2.089758,
                        49.135647
                    ],
                    [
                        -2.09027,
                        49.135323
                    ],
                    [
                        -2.090809,
                        49.135028
                    ],
                    [
                        -2.091204,
                        49.134804
                    ],
                    [
                        -2.091644,
                        49.134563
                    ],
                    [
                        -2.092066,
                        49.134321
                    ],
                    [
                        -2.092354,
                        49.134162
                    ],
                    [
                        -2.092776,
                        49.133891
                    ],
                    [
                        -2.093261,
                        49.133596
                    ],
                    [
                        -2.093701,
                        49.133496
                    ],
                    [
                        -2.093755,
                        49.133726
                    ],
                    [
                        -2.094006,
                        49.134044
                    ],
                    [
                        -2.09433,
                        49.134415
                    ],
                    [
                        -2.094743,
                        49.134798
                    ],
                    [
                        -2.095093,
                        49.135128
                    ],
                    [
                        -2.095462,
                        49.135476
                    ],
                    [
                        -2.095848,
                        49.1358
                    ],
                    [
                        -2.096261,
                        49.136142
                    ],
                    [
                        -2.096665,
                        49.136502
                    ],
                    [
                        -2.097043,
                        49.136796
                    ],
                    [
                        -2.097555,
                        49.137168
                    ],
                    [
                        -2.098004,
                        49.137557
                    ],
                    [
                        -2.098579,
                        49.137993
                    ],
                    [
                        -2.099055,
                        49.138411
                    ],
                    [
                        -2.099585,
                        49.138871
                    ],
                    [
                        -2.100187,
                        49.139319
                    ],
                    [
                        -2.100753,
                        49.139791
                    ],
                    [
                        -2.101363,
                        49.140292
                    ],
                    [
                        -2.101992,
                        49.140863
                    ],
                    [
                        -2.102639,
                        49.1414
                    ],
                    [
                        -2.103187,
                        49.141936
                    ],
                    [
                        -2.103735,
                        49.142596
                    ],
                    [
                        -2.104274,
                        49.143309
                    ],
                    [
                        -2.104831,
                        49.144022
                    ],
                    [
                        -2.105442,
                        49.144682
                    ],
                    [
                        -2.106097,
                        49.145324
                    ],
                    [
                        -2.106672,
                        49.14599
                    ],
                    [
                        -2.10731,
                        49.146591
                    ],
                    [
                        -2.107966,
                        49.147181
                    ],
                    [
                        -2.108648,
                        49.147782
                    ],
                    [
                        -2.109214,
                        49.148383
                    ],
                    [
                        -2.109825,
                        49.149008
                    ],
                    [
                        -2.110328,
                        49.149455
                    ],
                    [
                        -2.110652,
                        49.149903
                    ],
                    [
                        -2.111056,
                        49.150375
                    ],
                    [
                        -2.111451,
                        49.150952
                    ],
                    [
                        -2.111936,
                        49.151447
                    ],
                    [
                        -2.112349,
                        49.15183
                    ],
                    [
                        -2.112745,
                        49.152248
                    ],
                    [
                        -2.113113,
                        49.152631
                    ],
                    [
                        -2.113517,
                        49.153044
                    ],
                    [
                        -2.113993,
                        49.153462
                    ],
                    [
                        -2.114442,
                        49.153916
                    ],
                    [
                        -2.1149,
                        49.154428
                    ],
                    [
                        -2.115296,
                        49.154947
                    ],
                    [
                        -2.115673,
                        49.155465
                    ],
                    [
                        -2.116041,
                        49.155954
                    ],
                    [
                        -2.116499,
                        49.156402
                    ],
                    [
                        -2.116886,
                        49.156809
                    ],
                    [
                        -2.117308,
                        49.157233
                    ],
                    [
                        -2.117757,
                        49.157698
                    ],
                    [
                        -2.118143,
                        49.158164
                    ],
                    [
                        -2.118583,
                        49.158641
                    ],
                    [
                        -2.118979,
                        49.159154
                    ],
                    [
                        -2.119446,
                        49.159666
                    ],
                    [
                        -2.119913,
                        49.160137
                    ],
                    [
                        -2.120434,
                        49.160621
                    ],
                    [
                        -2.120955,
                        49.161062
                    ],
                    [
                        -2.121359,
                        49.161569
                    ],
                    [
                        -2.121763,
                        49.162034
                    ],
                    [
                        -2.122105,
                        49.162559
                    ],
                    [
                        -2.12241,
                        49.16316
                    ],
                    [
                        -2.122599,
                        49.163743
                    ],
                    [
                        -2.122617,
                        49.164279
                    ],
                    [
                        -2.122707,
                        49.164803
                    ],
                    [
                        -2.122662,
                        49.165339
                    ],
                    [
                        -2.122724,
                        49.165793
                    ],
                    [
                        -2.123039,
                        49.165863
                    ],
                    [
                        -2.123147,
                        49.165934
                    ],
                    [
                        -2.123389,
                        49.165964
                    ],
                    [
                        -2.123506,
                        49.165946
                    ],
                    [
                        -2.123605,
                        49.166105
                    ],
                    [
                        -2.12312,
                        49.166476
                    ],
                    [
                        -2.122671,
                        49.166924
                    ],
                    [
                        -2.122212,
                        49.167371
                    ],
                    [
                        -2.121799,
                        49.167801
                    ],
                    [
                        -2.121413,
                        49.168249
                    ],
                    [
                        -2.121063,
                        49.168738
                    ],
                    [
                        -2.120802,
                        49.169227
                    ],
                    [
                        -2.120614,
                        49.169728
                    ],
                    [
                        -2.120272,
                        49.170216
                    ],
                    [
                        -2.119967,
                        49.170729
                    ],
                    [
                        -2.119598,
                        49.171224
                    ],
                    [
                        -2.119329,
                        49.171736
                    ],
                    [
                        -2.119104,
                        49.172243
                    ],
                    [
                        -2.118835,
                        49.172761
                    ],
                    [
                        -2.118449,
                        49.17322
                    ],
                    [
                        -2.118215,
                        49.173721
                    ],
                    [
                        -2.117856,
                        49.17421
                    ],
                    [
                        -2.117568,
                        49.174681
                    ],
                    [
                        -2.117173,
                        49.175176
                    ],
                    [
                        -2.116742,
                        49.175635
                    ],
                    [
                        -2.116293,
                        49.175882
                    ],
                    [
                        -2.115871,
                        49.176077
                    ],
                    [
                        -2.115439,
                        49.176218
                    ],
                    [
                        -2.114874,
                        49.176342
                    ],
                    [
                        -2.114191,
                        49.176365
                    ],
                    [
                        -2.113652,
                        49.176613
                    ],
                    [
                        -2.1134,
                        49.177001
                    ],
                    [
                        -2.113203,
                        49.177396
                    ],
                    [
                        -2.113113,
                        49.177808
                    ],
                    [
                        -2.11314,
                        49.178173
                    ],
                    [
                        -2.113122,
                        49.178456
                    ],
                    [
                        -2.113032,
                        49.178709
                    ],
                    [
                        -2.112897,
                        49.178939
                    ],
                    [
                        -2.112861,
                        49.179216
                    ],
                    [
                        -2.11279,
                        49.179563
                    ],
                    [
                        -2.112637,
                        49.179887
                    ],
                    [
                        -2.112439,
                        49.180181
                    ],
                    [
                        -2.11226,
                        49.180452
                    ],
                    [
                        -2.112197,
                        49.180723
                    ],
                    [
                        -2.112286,
                        49.181012
                    ],
                    [
                        -2.112286,
                        49.1813
                    ],
                    [
                        -2.112134,
                        49.181595
                    ],
                    [
                        -2.111963,
                        49.181872
                    ],
                    [
                        -2.111756,
                        49.182089
                    ],
                    [
                        -2.111478,
                        49.182072
                    ],
                    [
                        -2.111191,
                        49.181978
                    ],
                    [
                        -2.110867,
                        49.181889
                    ],
                    [
                        -2.110786,
                        49.181913
                    ],
                    [
                        -2.110786,
                        49.181913
                    ],
                    [
                        -2.110777,
                        49.181919
                    ],
                    [
                        -2.110777,
                        49.181919
                    ],
                    [
                        -2.110777,
                        49.181919
                    ],
                    [
                        -2.110777,
                        49.181919
                    ],
                    [
                        -2.110768,
                        49.181925
                    ],
                    [
                        -2.110768,
                        49.181925
                    ]
                ]
            }
        }
    ]
}