{
    "type": "FeatureCollection",
    "features": [
        {
            "type": "Feature",
            "geometry": {
                "type": "LineString",
                "coordinates": [
                    [
                        -3.85874,
                        48.61078
                    ],
                    [
                        -3.85936,
                        48.611322
                    ],
                    [
                        -3.860016,
                        48.61181
                    ],
                    [
                        -3.860635,
                        48.612281
                    ],
                    [
                        -3.861156,
                        48.612823
                    ],
                    [
                        -3.861399,
                        48.613419
                    ],
                    [
                        -3.861363,
                        48.61402
                    ],
                    [
                        -3.861004,
                        48.614544
                    ],
                    [
                        -3.860564,
                        48.615033
                    ],
                    [
                        -3.859953,
                        48.615414
                    ],
                    [
                        -3.859333,
                        48.615813
                    ],
                    [
                        -3.858713,
                        48.616188
                    ],
                    [
                        -3.858075,
                        48.616558
                    ],
                    [
                        -3.857464,
                        48.616933
                    ],
                    [
                        -3.856845,
                        48.617338
                    ],
                    [
                        -3.856333,
                        48.617785
                    ],
                    [
                        -3.856,
                        48.618315
                    ],
                    [
                        -3.855848,
                        48.61888
                    ],
                    [
                        -3.855866,
                        48.619458
                    ],
                    [
                        -3.855874,
                        48.62003
                    ],
                    [
                        -3.855946,
                        48.620608
                    ],
                    [
                        -3.855973,
                        48.621161
                    ],
                    [
                        -3.855848,
                        48.621727
                    ],
                    [
                        -3.855668,
                        48.622299
                    ],
                    [
                        -3.855425,
                        48.622841
                    ],
                    [
                        -3.855129,
                        48.623389
                    ],
                    [
                        -3.854761,
                        48.623919
                    ],
                    [
                        -3.854258,
                        48.624383
                    ],
                    [
                        -3.853674,
                        48.624812
                    ],
                    [
                        -3.853009,
                        48.625223
                    ],
                    [
                        -3.85229,
                        48.625574
                    ],
                    [
                        -3.851617,
                        48.625961
                    ],
                    [
                        -3.851033,
                        48.62642
                    ],
                    [
                        -3.850584,
                        48.626908
                    ],
                    [
                        -3.850206,
                        48.627414
                    ],
                    [
                        -3.85009,
                        48.627974
                    ],
                    [
                        -3.850332,
                        48.62851
                    ],
                    [
                        -3.8507,
                        48.629046
                    ],
                    [
                        -3.85106,
                        48.629576
                    ],
                    [
                        -3.851329,
                        48.630142
                    ],
                    [
                        -3.851653,
                        48.630683
                    ],
                    [
                        -3.851994,
                        48.631243
                    ],
                    [
                        -3.85229,
                        48.631791
                    ],
                    [
                        -3.858866,
                        48.640858
                    ],
                    [
                        -3.859099,
                        48.641436
                    ],
                    [
                        -3.859396,
                        48.64199
                    ],
                    [
                        -3.859746,
                        48.642513
                    ],
                    [
                        -3.860069,
                        48.643037
                    ],
                    [
                        -3.860402,
                        48.643537
                    ],
                    [
                        -3.860716,
                        48.644037
                    ],
                    [
                        -3.860959,
                        48.644543
                    ],
                    [
                        -3.861201,
                        48.645067
                    ],
                    [
                        -3.861435,
                        48.645591
                    ],
                    [
                        -3.861686,
                        48.646115
                    ],
                    [
                        -3.861947,
                        48.646627
                    ],
                    [
                        -3.86218,
                        48.647145
                    ],
                    [
                        -3.862387,
                        48.647657
                    ],
                    [
                        -3.862612,
                        48.648186
                    ],
                    [
                        -3.862809,
                        48.648692
                    ],
                    [
                        -3.863034,
                        48.649115
                    ],
                    [
                        -3.863357,
                        48.649478
                    ],
                    [
                        -3.863627,
                        48.649847
                    ],
                    [
                        -3.863878,
                        48.650228
                    ],
                    [
                        -3.864067,
                        48.650597
                    ],
                    [
                        -3.864184,
                        48.650966
                    ],
                    [
                        -3.864327,
                        48.651353
                    ],
                    [
                        -3.864489,
                        48.65174
                    ],
                    [
                        -3.86475,
                        48.652091
                    ],
                    [
                        -3.865253,
                        48.652275
                    ],
                    [
                        -3.865684,
                        48.652377
                    ],
                    [
                        -3.866106,
                        48.652484
                    ],
                    [
                        -3.866609,
                        48.652627
                    ],
                    [
                        -3.867372,
                        48.652859
                    ],
                    [
                        -3.868172,
                        48.65318
                    ],
                    [
                        -3.868971,
                        48.653495
                    ],
                    [
                        -3.869825,
                        48.653811
                    ],
                    [
                        -3.870516,
                        48.654198
                    ],
                    [
                        -3.87057,
                        48.654448
                    ],
                    [
                        -3.870166,
                        48.654662
                    ],
                    [
                        -3.869897,
                        48.655007
                    ],
                    [
                        -3.869421,
                        48.655388
                    ],
                    [
                        -3.869133,
                        48.655781
                    ],
                    [
                        -3.869627,
                        48.6559
                    ],
                    [
                        -3.870391,
                        48.656037
                    ],
                    [
                        -3.871181,
                        48.65634
                    ],
                    [
                        -3.871774,
                        48.656662
                    ],
                    [
                        -3.871981,
                        48.656763
                    ],
                    [
                        -3.873112,
                        48.657197
                    ],
                    [
                        -3.873849,
                        48.657495
                    ],
                    [
                        -3.874469,
                        48.657816
                    ],
                    [
                        -3.874235,
                        48.658096
                    ],
                    [
                        -3.873885,
                        48.658513
                    ],
                    [
                        -3.873571,
                        48.658947
                    ],
                    [
                        -3.873292,
                        48.659375
                    ],
                    [
                        -3.872951,
                        48.659792
                    ],
                    [
                        -3.872996,
                        48.660078
                    ],
                    [
                        -3.873364,
                        48.660226
                    ],
                    [
                        -3.874163,
                        48.660482
                    ],
                    [
                        -3.874846,
                        48.660667
                    ],
                    [
                        -3.875295,
                        48.66075
                    ],
                    [
                        -3.876571,
                        48.661095
                    ],
                    [
                        -3.877559,
                        48.661381
                    ],
                    [
                        -3.878799,
                        48.661744
                    ],
                    [
                        -3.879562,
                        48.662
                    ],
                    [
                        -3.880631,
                        48.662398
                    ],
                    [
                        -3.881305,
                        48.662791
                    ],
                    [
                        -3.881862,
                        48.663107
                    ],
                    [
                        -3.882553,
                        48.663481
                    ],
                    [
                        -3.883119,
                        48.663844
                    ],
                    [
                        -3.883604,
                        48.664207
                    ],
                    [
                        -3.884054,
                        48.664523
                    ],
                    [
                        -3.884584,
                        48.66488
                    ],
                    [
                        -3.884179,
                        48.665177
                    ],
                    [
                        -3.883335,
                        48.66563
                    ],
                    [
                        -3.882544,
                        48.666135
                    ],
                    [
                        -3.882293,
                        48.666361
                    ],
                    [
                        -3.881458,
                        48.667212
                    ],
                    [
                        -3.881053,
                        48.66773
                    ],
                    [
                        -3.880883,
                        48.667938
                    ],
                    [
                        -3.880254,
                        48.668819
                    ],
                    [
                        -3.880065,
                        48.669176
                    ],
                    [
                        -3.879724,
                        48.669741
                    ],
                    [
                        -3.879356,
                        48.670378
                    ],
                    [
                        -3.878888,
                        48.670973
                    ],
                    [
                        -3.879041,
                        48.671324
                    ],
                    [
                        -3.879751,
                        48.67152
                    ],
                    [
                        -3.880299,
                        48.671722
                    ],
                    [
                        -3.881287,
                        48.672067
                    ],
                    [
                        -3.882068,
                        48.6724
                    ],
                    [
                        -3.881799,
                        48.672829
                    ],
                    [
                        -3.881404,
                        48.673334
                    ],
                    [
                        -3.880649,
                        48.674132
                    ],
                    [
                        -3.879921,
                        48.674762
                    ],
                    [
                        -3.879104,
                        48.675286
                    ],
                    [
                        -3.878466,
                        48.675595
                    ],
                    [
                        -3.878376,
                        48.675637
                    ],
                    [
                        -3.877406,
                        48.676226
                    ],
                    [
                        -3.87649,
                        48.676737
                    ],
                    [
                        -3.875987,
                        48.677041
                    ],
                    [
                        -3.875457,
                        48.677374
                    ],
                    [
                        -3.874765,
                        48.677755
                    ],
                    [
                        -3.873939,
                        48.678147
                    ],
                    [
                        -3.873625,
                        48.678338
                    ],
                    [
                        -3.872753,
                        48.678897
                    ],
                    [
                        -3.872196,
                        48.679313
                    ],
                    [
                        -3.87181,
                        48.679611
                    ],
                    [
                        -3.871011,
                        48.680128
                    ],
                    [
                        -3.870166,
                        48.680313
                    ],
                    [
                        -3.869421,
                        48.680396
                    ],
                    [
                        -3.868684,
                        48.680437
                    ],
                    [
                        -3.867885,
                        48.680473
                    ],
                    [
                        -3.867112,
                        48.680509
                    ],
                    [
                        -3.866384,
                        48.680515
                    ],
                    [
                        -3.865756,
                        48.680539
                    ],
                    [
                        -3.864884,
                        48.680568
                    ],
                    [
                        -3.864112,
                        48.680509
                    ],
                    [
                        -3.863429,
                        48.680443
                    ],
                    [
                        -3.862782,
                        48.68039
                    ],
                    [
                        -3.862162,
                        48.680342
                    ],
                    [
                        -3.86157,
                        48.680301
                    ],
                    [
                        -3.860923,
                        48.680259
                    ],
                    [
                        -3.860267,
                        48.680229
                    ],
                    [
                        -3.85971,
                        48.680223
                    ],
                    [
                        -3.858974,
                        48.680211
                    ],
                    [
                        -3.858722,
                        48.680342
                    ],
                    [
                        -3.859144,
                        48.680426
                    ],
                    [
                        -3.859441,
                        48.680556
                    ],
                    [
                        -3.859854,
                        48.680658
                    ],
                    [
                        -3.860375,
                        48.680866
                    ],
                    [
                        -3.860716,
                        48.68105
                    ],
                    [
                        -3.860914,
                        48.681211
                    ],
                    [
                        -3.860537,
                        48.681383
                    ],
                    [
                        -3.859872,
                        48.681829
                    ],
                    [
                        -3.859279,
                        48.682442
                    ],
                    [
                        -3.858767,
                        48.683102
                    ],
                    [
                        -3.858713,
                        48.683578
                    ],
                    [
                        -3.859117,
                        48.683703
                    ],
                    [
                        -3.85989,
                        48.683905
                    ],
                    [
                        -3.860384,
                        48.68409
                    ],
                    [
                        -3.860743,
                        48.684232
                    ],
                    [
                        -3.86104,
                        48.684363
                    ],
                    [
                        -3.861309,
                        48.684459
                    ],
                    [
                        -3.861659,
                        48.684583
                    ],
                    [
                        -3.861812,
                        48.684726
                    ],
                    [
                        -3.861453,
                        48.684928
                    ],
                    [
                        -3.860941,
                        48.685404
                    ],
                    [
                        -3.860438,
                        48.686029
                    ],
                    [
                        -3.859908,
                        48.686665
                    ],
                    [
                        -3.860249,
                        48.686879
                    ],
                    [
                        -3.860707,
                        48.686945
                    ],
                    [
                        -3.861246,
                        48.687058
                    ],
                    [
                        -3.861839,
                        48.687189
                    ],
                    [
                        -3.862396,
                        48.687331
                    ],
                    [
                        -3.862414,
                        48.687575
                    ],
                    [
                        -3.862351,
                        48.687974
                    ],
                    [
                        -3.862198,
                        48.688521
                    ],
                    [
                        -3.862216,
                        48.689068
                    ],
                    [
                        -3.862198,
                        48.689568
                    ],
                    [
                        -3.862144,
                        48.69015
                    ],
                    [
                        -3.862243,
                        48.690638
                    ],
                    [
                        -3.862728,
                        48.690715
                    ],
                    [
                        -3.863357,
                        48.690852
                    ],
                    [
                        -3.863914,
                        48.691019
                    ],
                    [
                        -3.864372,
                        48.691191
                    ],
                    [
                        -3.86466,
                        48.69137
                    ],
                    [
                        -3.864444,
                        48.691715
                    ],
                    [
                        -3.864696,
                        48.69197
                    ],
                    [
                        -3.865504,
                        48.69203
                    ],
                    [
                        -3.866357,
                        48.692167
                    ],
                    [
                        -3.866699,
                        48.692464
                    ],
                    [
                        -3.866564,
                        48.692981
                    ],
                    [
                        -3.866492,
                        48.693558
                    ],
                    [
                        -3.866456,
                        48.694064
                    ],
                    [
                        -3.866636,
                        48.694349
                    ],
                    [
                        -3.86704,
                        48.694474
                    ],
                    [
                        -3.867795,
                        48.694563
                    ],
                    [
                        -3.868334,
                        48.694771
                    ],
                    [
                        -3.868971,
                        48.694932
                    ],
                    [
                        -3.86951,
                        48.695116
                    ],
                    [
                        -3.870067,
                        48.695259
                    ],
                    [
                        -3.870723,
                        48.695414
                    ],
                    [
                        -3.871271,
                        48.695616
                    ],
                    [
                        -3.871837,
                        48.695753
                    ],
                    [
                        -3.872511,
                        48.695901
                    ],
                    [
                        -3.873148,
                        48.69608
                    ],
                    [
                        -3.873705,
                        48.696252
                    ],
                    [
                        -3.874208,
                        48.696413
                    ],
                    [
                        -3.874756,
                        48.696526
                    ],
                    [
                        -3.875466,
                        48.696615
                    ],
                    [
                        -3.87605,
                        48.696734
                    ],
                    [
                        -3.876508,
                        48.696906
                    ],
                    [
                        -3.876894,
                        48.696966
                    ],
                    [
                        -3.877559,
                        48.696966
                    ],
                    [
                        -3.877658,
                        48.697198
                    ],
                    [
                        -3.877227,
                        48.697679
                    ],
                    [
                        -3.876544,
                        48.697929
                    ],
                    [
                        -3.875978,
                        48.698095
                    ],
                    [
                        -3.875466,
                        48.698226
                    ],
                    [
                        -3.874927,
                        48.698381
                    ],
                    [
                        -3.874433,
                        48.698643
                    ],
                    [
                        -3.874154,
                        48.699077
                    ],
                    [
                        -3.873732,
                        48.69963
                    ],
                    [
                        -3.873274,
                        48.700254
                    ],
                    [
                        -3.872789,
                        48.700872
                    ],
                    [
                        -3.872367,
                        48.701526
                    ],
                    [
                        -3.871918,
                        48.70218
                    ],
                    [
                        -3.871415,
                        48.702793
                    ],
                    [
                        -3.870894,
                        48.703334
                    ],
                    [
                        -3.870364,
                        48.703816
                    ],
                    [
                        -3.869924,
                        48.704261
                    ],
                    [
                        -3.869412,
                        48.704636
                    ],
                    [
                        -3.868944,
                        48.704963
                    ],
                    [
                        -3.868531,
                        48.705254
                    ],
                    [
                        -3.868109,
                        48.705552
                    ],
                    [
                        -3.867678,
                        48.705855
                    ],
                    [
                        -3.867256,
                        48.70617
                    ],
                    [
                        -3.866834,
                        48.706479
                    ],
                    [
                        -3.866393,
                        48.706794
                    ],
                    [
                        -3.865944,
                        48.707127
                    ],
                    [
                        -3.865495,
                        48.707436
                    ],
                    [
                        -3.865055,
                        48.707746
                    ],
                    [
                        -3.864606,
                        48.708072
                    ],
                    [
                        -3.864193,
                        48.708376
                    ],
                    [
                        -3.863797,
                        48.708673
                    ],
                    [
                        -3.863402,
                        48.708952
                    ],
                    [
                        -3.863025,
                        48.709226
                    ],
                    [
                        -3.862657,
                        48.709481
                    ],
                    [
                        -3.862279,
                        48.709725
                    ],
                    [
                        -3.861893,
                        48.709969
                    ],
                    [
                        -3.861516,
                        48.710201
                    ],
                    [
                        -3.861138,
                        48.710433
                    ],
                    [
                        -3.860752,
                        48.710665
                    ],
                    [
                        -3.860339,
                        48.710902
                    ],
                    [
                        -3.859899,
                        48.711158
                    ],
                    [
                        -3.859441,
                        48.711467
                    ],
                    [
                        -3.858956,
                        48.711806
                    ],
                    [
                        -3.858444,
                        48.712151
                    ],
                    [
                        -3.857923,
                        48.71249
                    ],
                    [
                        -3.857464,
                        48.712828
                    ],
                    [
                        -3.857042,
                        48.71312
                    ],
                    [
                        -3.856656,
                        48.713352
                    ],
                    [
                        -3.856288,
                        48.713548
                    ],
                    [
                        -3.855955,
                        48.71375
                    ],
                    [
                        -3.855632,
                        48.713934
                    ],
                    [
                        -3.855327,
                        48.714142
                    ],
                    [
                        -3.854958,
                        48.714422
                    ],
                    [
                        -3.854527,
                        48.714772
                    ],
                    [
                        -3.854015,
                        48.715123
                    ],
                    [
                        -3.853467,
                        48.715414
                    ],
                    [
                        -3.853,
                        48.715664
                    ],
                    [
                        -3.852596,
                        48.715884
                    ],
                    [
                        -3.852201,
                        48.716074
                    ],
                    [
                        -3.851832,
                        48.716241
                    ],
                    [
                        -3.851491,
                        48.716419
                    ],
                    [
                        -3.851132,
                        48.716585
                    ],
                    [
                        -3.85079,
                        48.716734
                    ],
                    [
                        -3.850503,
                        48.716859
                    ],
                    [
                        -3.850179,
                        48.717007
                    ],
                    [
                        -3.84991,
                        48.71712
                    ],
                    [
                        -3.849658,
                        48.717227
                    ],
                    [
                        -3.849434,
                        48.717334
                    ],
                    [
                        -3.8492,
                        48.717441
                    ],
                    [
                        -3.848958,
                        48.71753
                    ],
                    [
                        -3.84532,
                        48.718951
                    ],
                    [
                        -3.844978,
                        48.719028
                    ],
                    [
                        -3.844628,
                        48.719117
                    ],
                    [
                        -3.844287,
                        48.719171
                    ],
                    [
                        -3.843918,
                        48.719248
                    ],
                    [
                        -3.843532,
                        48.719361
                    ],
                    [
                        -3.843182,
                        48.719427
                    ],
                    [
                        -3.842849,
                        48.719516
                    ],
                    [
                        -3.842481,
                        48.719593
                    ],
                    [
                        -3.842104,
                        48.719682
                    ],
                    [
                        -3.841709,
                        48.719783
                    ],
                    [
                        -3.841304,
                        48.719855
                    ],
                    [
                        -3.841277,
                        48.71986
                    ],
                    [
                        -3.830076,
                        48.721911
                    ],
                    [
                        -3.829779,
                        48.721976
                    ],
                    [
                        -3.829474,
                        48.722054
                    ],
                    [
                        -3.829169,
                        48.722173
                    ],
                    [
                        -3.828863,
                        48.72228
                    ],
                    [
                        -3.828549,
                        48.722404
                    ],
                    [
                        -3.828198,
                        48.722517
                    ],
                    [
                        -3.827857,
                        48.72266
                    ],
                    [
                        -3.827471,
                        48.722808
                    ],
                    [
                        -3.827049,
                        48.723022
                    ],
                    [
                        -3.826555,
                        48.723308
                    ],
                    [
                        -3.826034,
                        48.723641
                    ],
                    [
                        -3.825495,
                        48.723979
                    ],
                    [
                        -3.824974,
                        48.72436
                    ],
                    [
                        -3.82448,
                        48.724722
                    ],
                    [
                        -3.823977,
                        48.72512
                    ],
                    [
                        -3.823527,
                        48.725435
                    ],
                    [
                        -3.823078,
                        48.725774
                    ],
                    [
                        -3.822656,
                        48.726107
                    ],
                    [
                        -3.82227,
                        48.726422
                    ],
                    [
                        -3.821911,
                        48.726678
                    ],
                    [
                        -3.821533,
                        48.726963
                    ],
                    [
                        -3.821165,
                        48.72726
                    ],
                    [
                        -3.820833,
                        48.727557
                    ],
                    [
                        -3.820473,
                        48.727807
                    ],
                    [
                        -3.820141,
                        48.727973
                    ],
                    [
                        -3.819853,
                        48.72811
                    ],
                    [
                        -3.819584,
                        48.728264
                    ],
                    [
                        -3.819261,
                        48.728407
                    ],
                    [
                        -3.81891,
                        48.728431
                    ],
                    [
                        -3.818614,
                        48.728437
                    ],
                    [
                        -3.818344,
                        48.728437
                    ],
                    [
                        -3.818075,
                        48.728466
                    ],
                    [
                        -3.81785,
                        48.728532
                    ],
                    [
                        -3.817635,
                        48.728591
                    ],
                    [
                        -3.817446,
                        48.728645
                    ],
                    [
                        -3.817239,
                        48.728704
                    ],
                    [
                        -3.816961,
                        48.728769
                    ],
                    [
                        -3.816674,
                        48.728888
                    ],
                    [
                        -3.816314,
                        48.729061
                    ],
                    [
                        -3.81591,
                        48.729346
                    ],
                    [
                        -3.81565,
                        48.729679
                    ],
                    [
                        -3.815362,
                        48.73
                    ],
                    [
                        -3.814949,
                        48.730315
                    ],
                    [
                        -3.814509,
                        48.730671
                    ],
                    [
                        -3.814104,
                        48.731045
                    ],
                    [
                        -3.8137,
                        48.731414
                    ],
                    [
                        -3.813395,
                        48.731747
                    ],
                    [
                        -3.813089,
                        48.732163
                    ],
                    [
                        -3.812721,
                        48.732519
                    ],
                    [
                        -3.812398,
                        48.732864
                    ],
                    [
                        -3.812092,
                        48.733155
                    ],
                    [
                        -3.811787,
                        48.733482
                    ],
                    [
                        -3.811625,
                        48.733904
                    ],
                    [
                        -3.811419,
                        48.734367
                    ],
                    [
                        -3.811194,
                        48.734878
                    ],
                    [
                        -3.81114,
                        48.735401
                    ],
                    [
                        -3.810853,
                        48.735847
                    ],
                    [
                        -3.810565,
                        48.73628
                    ],
                    [
                        -3.810359,
                        48.73669
                    ],
                    [
                        -3.810161,
                        48.737083
                    ],
                    [
                        -3.810107,
                        48.737481
                    ],
                    [
                        -3.809927,
                        48.737849
                    ],
                    [
                        -3.809406,
                        48.738075
                    ],
                    [
                        -3.808984,
                        48.7382
                    ],
                    [
                        -3.808706,
                        48.738449
                    ],
                    [
                        -3.808436,
                        48.738853
                    ],
                    [
                        -3.80796,
                        48.739275
                    ],
                    [
                        -3.807556,
                        48.739673
                    ],
                    [
                        -3.807107,
                        48.739946
                    ],
                    [
                        -3.806658,
                        48.739988
                    ],
                    [
                        -3.806343,
                        48.740006
                    ],
                    [
                        -3.806056,
                        48.739982
                    ],
                    [
                        -3.805876,
                        48.740137
                    ],
                    [
                        -3.805804,
                        48.740541
                    ],
                    [
                        -3.805427,
                        48.740879
                    ],
                    [
                        -3.805032,
                        48.741046
                    ],
                    [
                        -3.804744,
                        48.741218
                    ],
                    [
                        -3.804457,
                        48.741378
                    ],
                    [
                        -3.804196,
                        48.74142
                    ],
                    [
                        -3.804062,
                        48.741473
                    ],
                    [
                        -3.803945,
                        48.741491
                    ],
                    [
                        -3.803864,
                        48.741485
                    ],
                    [
                        -3.803846,
                        48.741473
                    ],
                    [
                        -3.803783,
                        48.741473
                    ],
                    [
                        -3.803649,
                        48.741444
                    ],
                    [
                        -3.803406,
                        48.74142
                    ],
                    [
                        -3.803119,
                        48.741557
                    ],
                    [
                        -3.802687,
                        48.741741
                    ],
                    [
                        -3.802301,
                        48.742032
                    ],
                    [
                        -3.801852,
                        48.742335
                    ],
                    [
                        -3.801304,
                        48.742578
                    ],
                    [
                        -3.800801,
                        48.742858
                    ],
                    [
                        -3.800307,
                        48.743173
                    ],
                    [
                        -3.799813,
                        48.74344
                    ],
                    [
                        -3.799391,
                        48.743683
                    ],
                    [
                        -3.799013,
                        48.743927
                    ],
                    [
                        -3.798618,
                        48.744147
                    ],
                    [
                        -3.79825,
                        48.744385
                    ],
                    [
                        -3.797882,
                        48.744616
                    ],
                    [
                        -3.797576,
                        48.744848
                    ],
                    [
                        -3.79728,
                        48.74508
                    ],
                    [
                        -3.796938,
                        48.745311
                    ],
                    [
                        -3.796534,
                        48.745579
                    ],
                    [
                        -3.796094,
                        48.745834
                    ],
                    [
                        -3.795654,
                        48.746101
                    ],
                    [
                        -3.795169,
                        48.746398
                    ],
                    [
                        -3.794666,
                        48.746589
                    ],
                    [
                        -3.794253,
                        48.746838
                    ],
                    [
                        -3.793902,
                        48.74704
                    ],
                    [
                        -3.793507,
                        48.747307
                    ],
                    [
                        -3.793031,
                        48.747646
                    ],
                    [
                        -3.792492,
                        48.747884
                    ],
                    [
                        -3.792088,
                        48.748056
                    ],
                    [
                        -3.791737,
                        48.748258
                    ],
                    [
                        -3.791459,
                        48.748424
                    ],
                    [
                        -3.791261,
                        48.748585
                    ],
                    [
                        -3.791046,
                        48.748739
                    ],
                    [
                        -3.790902,
                        48.74887
                    ],
                    [
                        -3.790695,
                        48.748941
                    ],
                    [
                        -3.790507,
                        48.749036
                    ],
                    [
                        -3.790336,
                        48.749107
                    ],
                    [
                        -3.790192,
                        48.749167
                    ],
                    [
                        -3.790004,
                        48.74922
                    ],
                    [
                        -3.789725,
                        48.749315
                    ],
                    [
                        -3.789321,
                        48.749476
                    ],
                    [
                        -3.788881,
                        48.749583
                    ],
                    [
                        -3.788593,
                        48.749654
                    ],
                    [
                        -3.788468,
                        48.749672
                    ],
                    [
                        -3.788459,
                        48.749678
                    ],
                    [
                        -3.788423,
                        48.749755
                    ],
                    [
                        -3.78836,
                        48.749885
                    ],
                    [
                        -3.788252,
                        48.750046
                    ],
                    [
                        -3.788117,
                        48.750177
                    ],
                    [
                        -3.788,
                        48.750301
                    ],
                    [
                        -3.787902,
                        48.750438
                    ],
                    [
                        -3.787803,
                        48.750592
                    ],
                    [
                        -3.787713,
                        48.750693
                    ],
                    [
                        -3.787426,
                        48.75086
                    ],
                    [
                        -3.786949,
                        48.751079
                    ],
                    [
                        -3.786437,
                        48.751275
                    ],
                    [
                        -3.785988,
                        48.751466
                    ],
                    [
                        -3.785575,
                        48.751662
                    ],
                    [
                        -3.785216,
                        48.751846
                    ],
                    [
                        -3.784856,
                        48.752012
                    ],
                    [
                        -3.784425,
                        48.752232
                    ],
                    [
                        -3.784003,
                        48.752428
                    ],
                    [
                        -3.783644,
                        48.752606
                    ],
                    [
                        -3.783276,
                        48.752778
                    ],
                    [
                        -3.78288,
                        48.752927
                    ],
                    [
                        -3.782521,
                        48.753158
                    ],
                    [
                        -3.782036,
                        48.753265
                    ],
                    [
                        -3.781614,
                        48.753485
                    ],
                    [
                        -3.781183,
                        48.753669
                    ],
                    [
                        -3.780688,
                        48.753865
                    ],
                    [
                        -3.780212,
                        48.754156
                    ],
                    [
                        -3.779557,
                        48.754376
                    ],
                    [
                        -3.779,
                        48.754572
                    ],
                    [
                        -3.778533,
                        48.75481
                    ],
                    [
                        -3.778137,
                        48.755035
                    ],
                    [
                        -3.777787,
                        48.755231
                    ],
                    [
                        -3.777356,
                        48.755439
                    ],
                    [
                        -3.776853,
                        48.755617
                    ],
                    [
                        -3.776404,
                        48.755736
                    ],
                    [
                        -3.775955,
                        48.755825
                    ],
                    [
                        -3.775541,
                        48.75595
                    ],
                    [
                        -3.775209,
                        48.756146
                    ],
                    [
                        -3.774742,
                        48.756419
                    ],
                    [
                        -3.774356,
                        48.756627
                    ],
                    [
                        -3.773853,
                        48.756871
                    ],
                    [
                        -3.773376,
                        48.757138
                    ],
                    [
                        -3.772855,
                        48.757411
                    ],
                    [
                        -3.772245,
                        48.757738
                    ],
                    [
                        -3.771616,
                        48.758047
                    ],
                    [
                        -3.771014,
                        48.758338
                    ],
                    [
                        -3.77043,
                        48.758652
                    ],
                    [
                        -3.769864,
                        48.758973
                    ],
                    [
                        -3.769199,
                        48.759282
                    ],
                    [
                        -3.768463,
                        48.759543
                    ],
                    [
                        -3.767789,
                        48.759852
                    ],
                    [
                        -3.767115,
                        48.760185
                    ],
                    [
                        -3.766379,
                        48.760494
                    ],
                    [
                        -3.765633,
                        48.760838
                    ],
                    [
                        -3.76487,
                        48.761153
                    ],
                    [
                        -3.764349,
                        48.761574
                    ],
                    [
                        -3.76398,
                        48.762026
                    ],
                    [
                        -3.76354,
                        48.762424
                    ],
                    [
                        -3.763082,
                        48.762845
                    ],
                    [
                        -3.762759,
                        48.76322
                    ],
                    [
                        -3.76231,
                        48.763611
                    ],
                    [
                        -3.761636,
                        48.76392
                    ],
                    [
                        -3.760953,
                        48.764199
                    ],
                    [
                        -3.760271,
                        48.764425
                    ],
                    [
                        -3.759723,
                        48.764775
                    ],
                    [
                        -3.759202,
                        48.765132
                    ],
                    [
                        -3.758465,
                        48.765262
                    ],
                    [
                        -3.75771,
                        48.765441
                    ],
                    [
                        -3.757091,
                        48.765666
                    ],
                    [
                        -3.756516,
                        48.765886
                    ],
                    [
                        -3.755833,
                        48.766058
                    ],
                    [
                        -3.755105,
                        48.766254
                    ],
                    [
                        -3.754405,
                        48.766509
                    ],
                    [
                        -3.753731,
                        48.766812
                    ],
                    [
                        -3.752995,
                        48.76705
                    ],
                    [
                        -3.752276,
                        48.767329
                    ],
                    [
                        -3.751665,
                        48.767644
                    ],
                    [
                        -3.751117,
                        48.768036
                    ],
                    [
                        -3.750354,
                        48.768267
                    ],
                    [
                        -3.749581,
                        48.768404
                    ],
                    [
                        -3.748934,
                        48.768671
                    ],
                    [
                        -3.748323,
                        48.768914
                    ],
                    [
                        -3.747668,
                        48.769051
                    ],
                    [
                        -3.747039,
                        48.769294
                    ],
                    [
                        -3.746446,
                        48.769514
                    ],
                    [
                        -3.745817,
                        48.769817
                    ],
                    [
                        -3.745206,
                        48.770078
                    ],
                    [
                        -3.744497,
                        48.770322
                    ],
                    [
                        -3.743787,
                        48.770607
                    ],
                    [
                        -3.743078,
                        48.770927
                    ],
                    [
                        -3.742314,
                        48.771218
                    ],
                    [
                        -3.741604,
                        48.771438
                    ],
                    [
                        -3.740931,
                        48.771687
                    ],
                    [
                        -3.740284,
                        48.771937
                    ],
                    [
                        -3.739601,
                        48.772156
                    ],
                    [
                        -3.738972,
                        48.772394
                    ],
                    [
                        -3.738326,
                        48.772643
                    ],
                    [
                        -3.737643,
                        48.772893
                    ],
                    [
                        -3.736978,
                        48.77316
                    ],
                    [
                        -3.73626,
                        48.77335
                    ],
                    [
                        -3.735658,
                        48.773617
                    ],
                    [
                        -3.735083,
                        48.773843
                    ],
                    [
                        -3.734481,
                        48.774033
                    ],
                    [
                        -3.733789,
                        48.774217
                    ],
                    [
                        -3.733134,
                        48.774454
                    ],
                    [
                        -3.732595,
                        48.774721
                    ],
                    [
                        -3.731957,
                        48.774858
                    ],
                    [
                        -3.731256,
                        48.775018
                    ],
                    [
                        -3.730582,
                        48.775173
                    ],
                    [
                        -3.729972,
                        48.775416
                    ],
                    [
                        -3.729496,
                        48.775636
                    ],
                    [
                        -3.72893,
                        48.775802
                    ],
                    [
                        -3.728328,
                        48.77598
                    ],
                    [
                        -3.727582,
                        48.776051
                    ],
                    [
                        -3.726917,
                        48.776212
                    ],
                    [
                        -3.726298,
                        48.776443
                    ],
                    [
                        -3.725543,
                        48.776479
                    ],
                    [
                        -3.724914,
                        48.776704
                    ],
                    [
                        -3.724429,
                        48.776888
                    ],
                    [
                        -3.723881,
                        48.777001
                    ],
                    [
                        -3.723252,
                        48.777013
                    ],
                    [
                        -3.722785,
                        48.777167
                    ],
                    [
                        -3.722175,
                        48.77734
                    ],
                    [
                        -3.721492,
                        48.777435
                    ],
                    [
                        -3.720971,
                        48.777631
                    ],
                    [
                        -3.720441,
                        48.777803
                    ],
                    [
                        -3.719812,
                        48.777904
                    ],
                    [
                        -3.719228,
                        48.778111
                    ],
                    [
                        -3.718671,
                        48.778272
                    ],
                    [
                        -3.718123,
                        48.778414
                    ],
                    [
                        -3.717647,
                        48.77861
                    ],
                    [
                        -3.717009,
                        48.778735
                    ],
                    [
                        -3.716444,
                        48.778925
                    ],
                    [
                        -3.715931,
                        48.779079
                    ],
                    [
                        -3.715339,
                        48.77921
                    ],
                    [
                        -3.714701,
                        48.779358
                    ],
                    [
                        -3.713865,
                        48.779382
                    ],
                    [
                        -3.713201,
                        48.779435
                    ],
                    [
                        -3.712554,
                        48.779619
                    ],
                    [
                        -3.71206,
                        48.779786
                    ],
                    [
                        -3.711413,
                        48.779898
                    ],
                    [
                        -3.710811,
                        48.780047
                    ],
                    [
                        -3.710138,
                        48.780171
                    ],
                    [
                        -3.709419,
                        48.780278
                    ],
                    [
                        -3.708539,
                        48.78035
                    ],
                    [
                        -3.707604,
                        48.780261
                    ],
                    [
                        -3.706877,
                        48.780088
                    ],
                    [
                        -3.706221,
                        48.780272
                    ],
                    [
                        -3.705476,
                        48.780409
                    ],
                    [
                        -3.704757,
                        48.780504
                    ],
                    [
                        -3.704227,
                        48.780652
                    ],
                    [
                        -3.703679,
                        48.780813
                    ],
                    [
                        -3.703167,
                        48.780955
                    ],
                    [
                        -3.702511,
                        48.781062
                    ],
                    [
                        -3.701936,
                        48.78124
                    ],
                    [
                        -3.70137,
                        48.7814
                    ],
                    [
                        -3.700742,
                        48.781602
                    ],
                    [
                        -3.700149,
                        48.781757
                    ],
                    [
                        -3.699574,
                        48.781917
                    ],
                    [
                        -3.69899,
                        48.782083
                    ],
                    [
                        -3.698424,
                        48.782249
                    ],
                    [
                        -3.697858,
                        48.782398
                    ],
                    [
                        -3.697319,
                        48.782546
                    ],
                    [
                        -3.696726,
                        48.78273
                    ],
                    [
                        -3.696169,
                        48.782902
                    ],
                    [
                        -3.695585,
                        48.783092
                    ],
                    [
                        -3.695038,
                        48.783258
                    ],
                    [
                        -3.694409,
                        48.783484
                    ],
                    [
                        -3.693762,
                        48.78371
                    ],
                    [
                        -3.693115,
                        48.783923
                    ],
                    [
                        -3.69245,
                        48.784149
                    ],
                    [
                        -3.691795,
                        48.784392
                    ],
                    [
                        -3.691139,
                        48.784582
                    ],
                    [
                        -3.690492,
                        48.784778
                    ],
                    [
                        -3.689845,
                        48.784986
                    ],
                    [
                        -3.689217,
                        48.785176
                    ],
                    [
                        -3.688696,
                        48.785354
                    ],
                    [
                        -3.688238,
                        48.785502
                    ],
                    [
                        -3.687887,
                        48.785603
                    ],
                    [
                        -3.687537,
                        48.785645
                    ],
                    [
                        -3.687375,
                        48.78568
                    ],
                    [
                        -3.686971,
                        48.785692
                    ],
                    [
                        -3.686594,
                        48.785823
                    ],
                    [
                        -3.686207,
                        48.785894
                    ],
                    [
                        -3.685794,
                        48.786019
                    ],
                    [
                        -3.685345,
                        48.786084
                    ],
                    [
                        -3.684959,
                        48.786197
                    ],
                    [
                        -3.684573,
                        48.786232
                    ],
                    [
                        -3.68415,
                        48.786369
                    ],
                    [
                        -3.683647,
                        48.786399
                    ],
                    [
                        -3.683001,
                        48.786505
                    ],
                    [
                        -3.682282,
                        48.78663
                    ],
                    [
                        -3.681527,
                        48.78679
                    ],
                    [
                        -3.680782,
                        48.786927
                    ],
                    [
                        -3.680018,
                        48.787069
                    ],
                    [
                        -3.679327,
                        48.78717
                    ],
                    [
                        -3.678536,
                        48.787182
                    ],
                    [
                        -3.677674,
                        48.787224
                    ],
                    [
                        -3.678132,
                        48.787319
                    ],
                    [
                        -3.678653,
                        48.78752
                    ],
                    [
                        -3.679075,
                        48.787758
                    ],
                    [
                        -3.67956,
                        48.788037
                    ],
                    [
                        -3.679542,
                        48.78812
                    ],
                    [
                        -3.679964,
                        48.788067
                    ],
                    [
                        -3.680422,
                        48.787894
                    ],
                    [
                        -3.680809,
                        48.787746
                    ],
                    [
                        -3.681051,
                        48.787805
                    ],
                    [
                        -3.681168,
                        48.787853
                    ],
                    [
                        -3.681087,
                        48.787782
                    ],
                    [
                        -3.680602,
                        48.78758
                    ],
                    [
                        -3.679875,
                        48.787426
                    ],
                    [
                        -3.679048,
                        48.787461
                    ],
                    [
                        -3.678132,
                        48.787437
                    ],
                    [
                        -3.67718,
                        48.787431
                    ],
                    [
                        -3.676272,
                        48.78742
                    ],
                    [
                        -3.675347,
                        48.787372
                    ],
                    [
                        -3.674422,
                        48.787408
                    ],
                    [
                        -3.673461,
                        48.787503
                    ],
                    [
                        -3.672527,
                        48.787621
                    ],
                    [
                        -3.671592,
                        48.787722
                    ],
                    [
                        -3.670631,
                        48.787841
                    ],
                    [
                        -3.669661,
                        48.787972
                    ],
                    [
                        -3.668646,
                        48.788138
                    ],
                    [
                        -3.66764,
                        48.78828
                    ],
                    [
                        -3.66667,
                        48.788417
                    ],
                    [
                        -3.665691,
                        48.788559
                    ],
                    [
                        -3.664721,
                        48.788708
                    ],
                    [
                        -3.66375,
                        48.788862
                    ],
                    [
                        -3.662753,
                        48.789052
                    ],
                    [
                        -3.661774,
                        48.789266
                    ],
                    [
                        -3.660777,
                        48.789503
                    ],
                    [
                        -3.659762,
                        48.789717
                    ],
                    [
                        -3.658783,
                        48.789918
                    ],
                    [
                        -3.657813,
                        48.790097
                    ],
                    [
                        -3.656879,
                        48.790281
                    ],
                    [
                        -3.655953,
                        48.79047
                    ],
                    [
                        -3.655001,
                        48.790684
                    ],
                    [
                        -3.654004,
                        48.79088
                    ],
                    [
                        -3.653007,
                        48.791117
                    ],
                    [
                        -3.652019,
                        48.791379
                    ],
                    [
                        -3.650959,
                        48.791663
                    ],
                    [
                        -3.649962,
                        48.791895
                    ],
                    [
                        -3.64909,
                        48.792126
                    ],
                    [
                        -3.648309,
                        48.792287
                    ],
                    [
                        -3.647644,
                        48.792423
                    ],
                    [
                        -3.646908,
                        48.792589
                    ],
                    [
                        -3.646045,
                        48.79275
                    ],
                    [
                        -3.645165,
                        48.792945
                    ],
                    [
                        -3.644419,
                        48.793124
                    ],
                    [
                        -3.64353,
                        48.793325
                    ],
                    [
                        -3.642704,
                        48.793539
                    ],
                    [
                        -3.641886,
                        48.793747
                    ],
                    [
                        -3.641033,
                        48.793972
                    ],
                    [
                        -3.640207,
                        48.794233
                    ],
                    [
                        -3.639263,
                        48.794441
                    ],
                    [
                        -3.638356,
                        48.794714
                    ],
                    [
                        -3.638392,
                        48.794999
                    ],
                    [
                        -3.638464,
                        48.795361
                    ],
                    [
                        -3.638473,
                        48.795759
                    ],
                    [
                        -3.63841,
                        48.796038
                    ],
                    [
                        -3.638563,
                        48.796435
                    ],
                    [
                        -3.638572,
                        48.796928
                    ],
                    [
                        -3.638572,
                        48.797432
                    ],
                    [
                        -3.638599,
                        48.79799
                    ],
                    [
                        -3.638742,
                        48.798512
                    ],
                    [
                        -3.638769,
                        48.799064
                    ],
                    [
                        -3.638796,
                        48.799622
                    ],
                    [
                        -3.638868,
                        48.800138
                    ],
                    [
                        -3.638985,
                        48.800655
                    ],
                    [
                        -3.639057,
                        48.801165
                    ],
                    [
                        -3.639129,
                        48.801705
                    ],
                    [
                        -3.6392,
                        48.802233
                    ],
                    [
                        -3.639227,
                        48.802785
                    ],
                    [
                        -3.639299,
                        48.803355
                    ],
                    [
                        -3.639353,
                        48.803948
                    ],
                    [
                        -3.639479,
                        48.804518
                    ],
                    [
                        -3.639721,
                        48.805075
                    ],
                    [
                        -3.639847,
                        48.805687
                    ],
                    [
                        -3.640027,
                        48.806262
                    ],
                    [
                        -3.640251,
                        48.806814
                    ],
                    [
                        -3.640548,
                        48.807372
                    ],
                    [
                        -3.640781,
                        48.807989
                    ],
                    [
                        -3.640754,
                        48.8086
                    ],
                    [
                        -3.640817,
                        48.809175
                    ],
                    [
                        -3.640961,
                        48.809733
                    ],
                    [
                        -3.641177,
                        48.810279
                    ],
                    [
                        -3.641338,
                        48.810843
                    ],
                    [
                        -3.641509,
                        48.811394
                    ],
                    [
                        -3.641734,
                        48.811928
                    ],
                    [
                        -3.642021,
                        48.812444
                    ],
                    [
                        -3.642084,
                        48.812901
                    ],
                    [
                        -3.642192,
                        48.813287
                    ],
                    [
                        -3.642291,
                        48.813601
                    ],
                    [
                        -3.642389,
                        48.813945
                    ],
                    [
                        -3.642362,
                        48.814218
                    ],
                    [
                        -3.642255,
                        48.81426
                    ],
                    [
                        -3.64203,
                        48.81404
                    ],
                    [
                        -3.641707,
                        48.814046
                    ],
                    [
                        -3.641805,
                        48.814159
                    ],
                    [
                        -3.641904,
                        48.814467
                    ],
                    [
                        -3.641868,
                        48.814847
                    ],
                    [
                        -3.641931,
                        48.815251
                    ],
                    [
                        -3.642003,
                        48.815713
                    ],
                    [
                        -3.642048,
                        48.816206
                    ],
                    [
                        -3.642156,
                        48.816662
                    ],
                    [
                        -3.642362,
                        48.817107
                    ],
                    [
                        -3.642668,
                        48.817529
                    ],
                    [
                        -3.642991,
                        48.817974
                    ],
                    [
                        -3.643324,
                        48.818401
                    ],
                    [
                        -3.643557,
                        48.818762
                    ],
                    [
                        -3.643871,
                        48.819095
                    ],
                    [
                        -3.643934,
                        48.81932
                    ],
                    [
                        -3.6438,
                        48.819184
                    ],
                    [
                        -3.643288,
                        48.819255
                    ],
                    [
                        -3.642731,
                        48.81935
                    ],
                    [
                        -3.642093,
                        48.819433
                    ],
                    [
                        -3.6415,
                        48.819575
                    ],
                    [
                        -3.641033,
                        48.819753
                    ],
                    [
                        -3.640539,
                        48.819961
                    ],
                    [
                        -3.63991,
                        48.820186
                    ],
                    [
                        -3.639587,
                        48.820388
                    ],
                    [
                        -3.63903,
                        48.82037
                    ],
                    [
                        -3.638374,
                        48.820471
                    ],
                    [
                        -3.637718,
                        48.820483
                    ],
                    [
                        -3.637018,
                        48.82059
                    ],
                    [
                        -3.636434,
                        48.82072
                    ],
                    [
                        -3.635913,
                        48.820862
                    ],
                    [
                        -3.635401,
                        48.820851
                    ],
                    [
                        -3.63461,
                        48.820874
                    ],
                    [
                        -3.633892,
                        48.820898
                    ],
                    [
                        -3.633218,
                        48.820851
                    ],
                    [
                        -3.632463,
                        48.820886
                    ],
                    [
                        -3.631736,
                        48.820892
                    ],
                    [
                        -3.630891,
                        48.820945
                    ],
                    [
                        -3.630047,
                        48.820999
                    ],
                    [
                        -3.629239,
                        48.821011
                    ],
                    [
                        -3.628349,
                        48.821046
                    ],
                    [
                        -3.627433,
                        48.821123
                    ],
                    [
                        -3.626499,
                        48.8212
                    ],
                    [
                        -3.625466,
                        48.821325
                    ],
                    [
                        -3.624451,
                        48.821491
                    ],
                    [
                        -3.623436,
                        48.821639
                    ],
                    [
                        -3.622448,
                        48.821788
                    ],
                    [
                        -3.62145,
                        48.821918
                    ],
                    [
                        -3.620588,
                        48.822179
                    ],
                    [
                        -3.619753,
                        48.822268
                    ],
                    [
                        -3.618639,
                        48.82247
                    ],
                    [
                        -3.617462,
                        48.822672
                    ],
                    [
                        -3.61633,
                        48.822838
                    ],
                    [
                        -3.615153,
                        48.822992
                    ],
                    [
                        -3.613968,
                        48.823152
                    ],
                    [
                        -3.612872,
                        48.823383
                    ],
                    [
                        -3.612602,
                        48.823733
                    ],
                    [
                        -3.612539,
                        48.824154
                    ],
                    [
                        -3.612513,
                        48.824777
                    ],
                    [
                        -3.612423,
                        48.825323
                    ],
                    [
                        -3.612387,
                        48.82578
                    ],
                    [
                        -3.612378,
                        48.826189
                    ],
                    [
                        -3.61227,
                        48.82661
                    ],
                    [
                        -3.612207,
                        48.82699
                    ],
                    [
                        -3.612144,
                        48.827387
                    ],
                    [
                        -3.612063,
                        48.827743
                    ],
                    [
                        -3.612036,
                        48.82814
                    ],
                    [
                        -3.611893,
                        48.828526
                    ],
                    [
                        -3.611776,
                        48.828887
                    ],
                    [
                        -3.61174,
                        48.829267
                    ],
                    [
                        -3.611677,
                        48.82967
                    ],
                    [
                        -3.611632,
                        48.830038
                    ],
                    [
                        -3.611668,
                        48.830418
                    ],
                    [
                        -3.611569,
                        48.830791
                    ],
                    [
                        -3.611488,
                        48.831064
                    ],
                    [
                        -3.61165,
                        48.831325
                    ],
                    [
                        -3.611803,
                        48.831592
                    ],
                    [
                        -3.611956,
                        48.831888
                    ],
                    [
                        -3.612171,
                        48.832167
                    ],
                    [
                        -3.612378,
                        48.832387
                    ],
                    [
                        -3.612495,
                        48.832553
                    ],
                    [
                        -3.612423,
                        48.832701
                    ],
                    [
                        -3.612153,
                        48.832742
                    ],
                    [
                        -3.611659,
                        48.832754
                    ],
                    [
                        -3.61112,
                        48.83276
                    ],
                    [
                        -3.610617,
                        48.832766
                    ],
                    [
                        -3.610042,
                        48.832802
                    ],
                    [
                        -3.609387,
                        48.832849
                    ],
                    [
                        -3.608668,
                        48.832908
                    ],
                    [
                        -3.607895,
                        48.832956
                    ],
                    [
                        -3.607096,
                        48.833015
                    ],
                    [
                        -3.606269,
                        48.833051
                    ],
                    [
                        -3.605452,
                        48.833074
                    ],
                    [
                        -3.604599,
                        48.833068
                    ],
                    [
                        -3.603763,
                        48.833063
                    ],
                    [
                        -3.602946,
                        48.833074
                    ],
                    [
                        -3.602137,
                        48.833098
                    ],
                    [
                        -3.601311,
                        48.833152
                    ],
                    [
                        -3.600449,
                        48.833175
                    ],
                    [
                        -3.599559,
                        48.833217
                    ],
                    [
                        -3.598598,
                        48.833264
                    ],
                    [
                        -3.597655,
                        48.833335
                    ],
                    [
                        -3.596676,
                        48.833395
                    ],
                    [
                        -3.595724,
                        48.833448
                    ],
                    [
                        -3.594745,
                        48.833513
                    ],
                    [
                        -3.593747,
                        48.83359
                    ],
                    [
                        -3.592696,
                        48.833673
                    ],
                    [
                        -3.591556,
                        48.833739
                    ],
                    [
                        -3.590424,
                        48.833774
                    ],
                    [
                        -3.589364,
                        48.833786
                    ],
                    [
                        -3.58834,
                        48.833828
                    ],
                    [
                        -3.58728,
                        48.833917
                    ],
                    [
                        -3.586229,
                        48.833982
                    ],
                    [
                        -3.585268,
                        48.833994
                    ],
                    [
                        -3.584262,
                        48.8341
                    ],
                    [
                        -3.583166,
                        48.834237
                    ],
                    [
                        -3.581962,
                        48.834391
                    ],
                    [
                        -3.580767,
                        48.834593
                    ],
                    [
                        -3.579671,
                        48.834747
                    ],
                    [
                        -3.578854,
                        48.834925
                    ],
                    [
                        -3.57845,
                        48.835108
                    ],
                    [
                        -3.578135,
                        48.835399
                    ],
                    [
                        -3.577659,
                        48.835696
                    ],
                    [
                        -3.577264,
                        48.83601
                    ],
                    [
                        -3.576833,
                        48.836289
                    ],
                    [
                        -3.576518,
                        48.836561
                    ],
                    [
                        -3.576294,
                        48.836846
                    ],
                    [
                        -3.576096,
                        48.837113
                    ],
                    [
                        -3.575809,
                        48.837374
                    ],
                    [
                        -3.575629,
                        48.837676
                    ],
                    [
                        -3.575611,
                        48.838002
                    ],
                    [
                        -3.575432,
                        48.838417
                    ],
                    [
                        -3.574848,
                        48.838666
                    ],
                    [
                        -3.574021,
                        48.838832
                    ],
                    [
                        -3.573087,
                        48.838945
                    ],
                    [
                        -3.57218,
                        48.838993
                    ],
                    [
                        -3.571129,
                        48.839147
                    ],
                    [
                        -3.570033,
                        48.839325
                    ],
                    [
                        -3.568964,
                        48.839514
                    ],
                    [
                        -3.56812,
                        48.839663
                    ],
                    [
                        -3.567275,
                        48.839746
                    ],
                    [
                        -3.566458,
                        48.839799
                    ],
                    [
                        -3.565631,
                        48.8399
                    ],
                    [
                        -3.564877,
                        48.840012
                    ],
                    [
                        -3.564158,
                        48.840143
                    ],
                    [
                        -3.563341,
                        48.840202
                    ],
                    [
                        -3.562478,
                        48.840261
                    ],
                    [
                        -3.561652,
                        48.840309
                    ],
                    [
                        -3.56079,
                        48.840404
                    ],
                    [
                        -3.559882,
                        48.840534
                    ],
                    [
                        -3.558984,
                        48.84073
                    ],
                    [
                        -3.558068,
                        48.840896
                    ],
                    [
                        -3.557196,
                        48.841044
                    ],
                    [
                        -3.556307,
                        48.841222
                    ],
                    [
                        -3.555373,
                        48.841382
                    ],
                    [
                        -3.554457,
                        48.841513
                    ],
                    [
                        -3.553505,
                        48.841613
                    ],
                    [
                        -3.552597,
                        48.841696
                    ],
                    [
                        -3.551717,
                        48.841773
                    ],
                    [
                        -3.550909,
                        48.841785
                    ],
                    [
                        -3.55019,
                        48.841874
                    ],
                    [
                        -3.549489,
                        48.842005
                    ],
                    [
                        -3.548744,
                        48.842111
                    ],
                    [
                        -3.547989,
                        48.842177
                    ],
                    [
                        -3.54727,
                        48.842277
                    ],
                    [
                        -3.546525,
                        48.842355
                    ],
                    [
                        -3.545752,
                        48.84242
                    ],
                    [
                        -3.54498,
                        48.842467
                    ],
                    [
                        -3.544162,
                        48.842544
                    ],
                    [
                        -3.543318,
                        48.84258
                    ],
                    [
                        -3.542447,
                        48.842627
                    ],
                    [
                        -3.541584,
                        48.842604
                    ],
                    [
                        -3.540677,
                        48.842604
                    ],
                    [
                        -3.539761,
                        48.842627
                    ],
                    [
                        -3.538818,
                        48.84274
                    ],
                    [
                        -3.538018,
                        48.8429
                    ],
                    [
                        -3.537246,
                        48.842995
                    ],
                    [
                        -3.536383,
                        48.843072
                    ],
                    [
                        -3.535512,
                        48.843125
                    ],
                    [
                        -3.534623,
                        48.843155
                    ],
                    [
                        -3.533724,
                        48.843167
                    ],
                    [
                        -3.532799,
                        48.843173
                    ],
                    [
                        -3.531865,
                        48.84322
                    ],
                    [
                        -3.530904,
                        48.843285
                    ],
                    [
                        -3.529907,
                        48.843303
                    ],
                    [
                        -3.528919,
                        48.843309
                    ],
                    [
                        -3.527948,
                        48.843303
                    ],
                    [
                        -3.526987,
                        48.843274
                    ],
                    [
                        -3.526017,
                        48.84325
                    ],
                    [
                        -3.525038,
                        48.843238
                    ],
                    [
                        -3.524104,
                        48.843232
                    ],
                    [
                        -3.523188,
                        48.843214
                    ],
                    [
                        -3.522307,
                        48.843185
                    ],
                    [
                        -3.521454,
                        48.843161
                    ],
                    [
                        -3.520654,
                        48.843155
                    ],
                    [
                        -3.519855,
                        48.843125
                    ],
                    [
                        -3.5191,
                        48.843108
                    ],
                    [
                        -3.518436,
                        48.843066
                    ],
                    [
                        -3.517843,
                        48.843066
                    ],
                    [
                        -3.517421,
                        48.843161
                    ],
                    [
                        -3.517025,
                        48.843208
                    ],
                    [
                        -3.516585,
                        48.843214
                    ],
                    [
                        -3.516082,
                        48.843214
                    ],
                    [
                        -3.515507,
                        48.843214
                    ],
                    [
                        -3.514959,
                        48.843167
                    ],
                    [
                        -3.514447,
                        48.843149
                    ],
                    [
                        -3.514007,
                        48.843185
                    ],
                    [
                        -3.513567,
                        48.843179
                    ],
                    [
                        -3.513091,
                        48.843167
                    ],
                    [
                        -3.512606,
                        48.843149
                    ],
                    [
                        -3.512121,
                        48.843125
                    ],
                    [
                        -3.511627,
                        48.843113
                    ],
                    [
                        -3.511106,
                        48.843108
                    ],
                    [
                        -3.510585,
                        48.843143
                    ],
                    [
                        -3.510055,
                        48.843173
                    ],
                    [
                        -3.509489,
                        48.843196
                    ],
                    [
                        -3.508932,
                        48.843226
                    ],
                    [
                        -3.508366,
                        48.843238
                    ],
                    [
                        -3.507719,
                        48.843262
                    ],
                    [
                        -3.506992,
                        48.843244
                    ],
                    [
                        -3.506372,
                        48.84325
                    ],
                    [
                        -3.505779,
                        48.843268
                    ],
                    [
                        -3.505177,
                        48.843274
                    ],
                    [
                        -3.504575,
                        48.843285
                    ],
                    [
                        -3.503955,
                        48.843303
                    ],
                    [
                        -3.503336,
                        48.843291
                    ],
                    [
                        -3.502716,
                        48.843279
                    ],
                    [
                        -3.502078,
                        48.843291
                    ],
                    [
                        -3.501449,
                        48.843279
                    ],
                    [
                        -3.500811,
                        48.843238
                    ],
                    [
                        -3.500156,
                        48.843196
                    ],
                    [
                        -3.499491,
                        48.843202
                    ],
                    [
                        -3.498817,
                        48.843202
                    ],
                    [
                        -3.498153,
                        48.843179
                    ],
                    [
                        -3.497515,
                        48.843149
                    ],
                    [
                        -3.496886,
                        48.843125
                    ],
                    [
                        -3.496302,
                        48.84306
                    ],
                    [
                        -3.4957,
                        48.842983
                    ],
                    [
                        -3.49508,
                        48.8429
                    ],
                    [
                        -3.494488,
                        48.842817
                    ],
                    [
                        -3.493895,
                        48.84277
                    ],
                    [
                        -3.493266,
                        48.842746
                    ],
                    [
                        -3.492655,
                        48.842722
                    ],
                    [
                        -3.492062,
                        48.842633
                    ],
                    [
                        -3.491559,
                        48.842592
                    ],
                    [
                        -3.491047,
                        48.842568
                    ],
                    [
                        -3.490535,
                        48.842503
                    ],
                    [
                        -3.489996,
                        48.84242
                    ],
                    [
                        -3.489466,
                        48.842337
                    ],
                    [
                        -3.488927,
                        48.842266
                    ],
                    [
                        -3.488397,
                        48.8422
                    ],
                    [
                        -3.487867,
                        48.842129
                    ],
                    [
                        -3.487328,
                        48.84207
                    ],
                    [
                        -3.486798,
                        48.84204
                    ],
                    [
                        -3.486259,
                        48.841987
                    ],
                    [
                        -3.485702,
                        48.841934
                    ],
                    [
                        -3.485127,
                        48.84191
                    ],
                    [
                        -3.484562,
                        48.841922
                    ],
                    [
                        -3.484005,
                        48.841928
                    ],
                    [
                        -3.483439,
                        48.841892
                    ],
                    [
                        -3.482918,
                        48.841803
                    ],
                    [
                        -3.482433,
                        48.841744
                    ],
                    [
                        -3.481957,
                        48.841667
                    ],
                    [
                        -3.48148,
                        48.841607
                    ],
                    [
                        -3.481013,
                        48.841536
                    ],
                    [
                        -3.480537,
                        48.841453
                    ],
                    [
                        -3.48007,
                        48.841376
                    ],
                    [
                        -3.479603,
                        48.841299
                    ],
                    [
                        -3.479127,
                        48.841216
                    ],
                    [
                        -3.478669,
                        48.841139
                    ],
                    [
                        -3.478193,
                        48.841044
                    ],
                    [
                        -3.477726,
                        48.840955
                    ],
                    [
                        -3.477268,
                        48.840902
                    ],
                    [
                        -3.476809,
                        48.840813
                    ],
                    [
                        -3.476351,
                        48.840742
                    ],
                    [
                        -3.475884,
                        48.840688
                    ],
                    [
                        -3.475399,
                        48.840653
                    ],
                    [
                        -3.474923,
                        48.840623
                    ],
                    [
                        -3.474438,
                        48.840576
                    ],
                    [
                        -3.473944,
                        48.840516
                    ],
                    [
                        -3.47345,
                        48.840475
                    ],
                    [
                        -3.472947,
                        48.840439
                    ],
                    [
                        -3.472444,
                        48.840428
                    ],
                    [
                        -3.471905,
                        48.840439
                    ],
                    [
                        -3.471348,
                        48.840445
                    ],
                    [
                        -3.470755,
                        48.840463
                    ],
                    [
                        -3.470135,
                        48.84041
                    ],
                    [
                        -3.469533,
                        48.840398
                    ],
                    [
                        -3.468923,
                        48.840416
                    ],
                    [
                        -3.468285,
                        48.840428
                    ],
                    [
                        -3.46762,
                        48.840428
                    ],
                    [
                        -3.466955,
                        48.84041
                    ],
                    [
                        -3.466291,
                        48.840392
                    ],
                    [
                        -3.465581,
                        48.840416
                    ],
                    [
                        -3.46488,
                        48.840475
                    ],
                    [
                        -3.464126,
                        48.840534
                    ],
                    [
                        -3.463335,
                        48.840594
                    ],
                    [
                        -3.462473,
                        48.840736
                    ],
                    [
                        -3.461548,
                        48.840896
                    ],
                    [
                        -3.460586,
                        48.841056
                    ],
                    [
                        -3.459562,
                        48.841246
                    ],
                    [
                        -3.458493,
                        48.841436
                    ],
                    [
                        -3.457407,
                        48.841607
                    ],
                    [
                        -3.456356,
                        48.841803
                    ],
                    [
                        -3.455314,
                        48.842017
                    ],
                    [
                        -3.454236,
                        48.842189
                    ],
                    [
                        -3.453212,
                        48.84236
                    ],
                    [
                        -3.452179,
                        48.842574
                    ],
                    [
                        -3.451092,
                        48.842776
                    ],
                    [
                        -3.449996,
                        48.842965
                    ],
                    [
                        -3.448864,
                        48.843173
                    ],
                    [
                        -3.447741,
                        48.843345
                    ],
                    [
                        -3.446618,
                        48.843511
                    ],
                    [
                        -3.445486,
                        48.843683
                    ],
                    [
                        -3.44439,
                        48.843837
                    ],
                    [
                        -3.443295,
                        48.844032
                    ],
                    [
                        -3.442163,
                        48.844234
                    ],
                    [
                        -3.440941,
                        48.844436
                    ],
                    [
                        -3.439585,
                        48.844691
                    ],
                    [
                        -3.438264,
                        48.845058
                    ],
                    [
                        -3.43689,
                        48.845438
                    ],
                    [
                        -3.435605,
                        48.845758
                    ],
                    [
                        -3.434321,
                        48.846114
                    ],
                    [
                        -3.433063,
                        48.846523
                    ],
                    [
                        -3.431886,
                        48.846973
                    ],
                    [
                        -3.430737,
                        48.847483
                    ],
                    [
                        -3.429614,
                        48.848094
                    ],
                    [
                        -3.428437,
                        48.848716
                    ],
                    [
                        -3.427027,
                        48.84922
                    ],
                    [
                        -3.425634,
                        48.84954
                    ],
                    [
                        -3.424296,
                        48.849712
                    ],
                    [
                        -3.422976,
                        48.849914
                    ],
                    [
                        -3.421673,
                        48.850169
                    ],
                    [
                        -3.420406,
                        48.850524
                    ],
                    [
                        -3.41896,
                        48.850993
                    ],
                    [
                        -3.417424,
                        48.851414
                    ],
                    [
                        -3.415834,
                        48.851728
                    ],
                    [
                        -3.414307,
                        48.85187
                    ],
                    [
                        -3.412951,
                        48.85203
                    ],
                    [
                        -3.411513,
                        48.852404
                    ],
                    [
                        -3.409968,
                        48.852819
                    ],
                    [
                        -3.408369,
                        48.853239
                    ],
                    [
                        -3.406788,
                        48.853654
                    ],
                    [
                        -3.405297,
                        48.85404
                    ],
                    [
                        -3.40386,
                        48.854431
                    ],
                    [
                        -3.40245,
                        48.854698
                    ],
                    [
                        -3.401022,
                        48.855113
                    ],
                    [
                        -3.399539,
                        48.855492
                    ],
                    [
                        -3.398111,
                        48.855984
                    ],
                    [
                        -3.396584,
                        48.856411
                    ],
                    [
                        -3.395048,
                        48.856867
                    ],
                    [
                        -3.393611,
                        48.857353
                    ],
                    [
                        -3.392048,
                        48.857875
                    ],
                    [
                        -3.390521,
                        48.858343
                    ],
                    [
                        -3.389003,
                        48.858847
                    ],
                    [
                        -3.38752,
                        48.85938
                    ],
                    [
                        -3.386047,
                        48.859926
                    ],
                    [
                        -3.384565,
                        48.860501
                    ],
                    [
                        -3.383056,
                        48.860993
                    ],
                    [
                        -3.381502,
                        48.861413
                    ],
                    [
                        -3.380119,
                        48.861911
                    ],
                    [
                        -3.378663,
                        48.862409
                    ],
                    [
                        -3.377316,
                        48.862948
                    ],
                    [
                        -3.375843,
                        48.863417
                    ],
                    [
                        -3.374352,
                        48.863849
                    ],
                    [
                        -3.372923,
                        48.86427
                    ],
                    [
                        -3.371603,
                        48.864655
                    ],
                    [
                        -3.370202,
                        48.865088
                    ],
                    [
                        -3.368944,
                        48.865509
                    ],
                    [
                        -3.367597,
                        48.865906
                    ],
                    [
                        -3.366321,
                        48.866392
                    ],
                    [
                        -3.365027,
                        48.866818
                    ],
                    [
                        -3.36368,
                        48.867204
                    ],
                    [
                        -3.362404,
                        48.86763
                    ],
                    [
                        -3.361084,
                        48.868039
                    ],
                    [
                        -3.359916,
                        48.868584
                    ],
                    [
                        -3.358722,
                        48.869076
                    ],
                    [
                        -3.357374,
                        48.869337
                    ],
                    [
                        -3.356081,
                        48.869722
                    ],
                    [
                        -3.35467,
                        48.86987
                    ],
                    [
                        -3.353556,
                        48.870262
                    ],
                    [
                        -3.35255,
                        48.870866
                    ],
                    [
                        -3.351428,
                        48.87147
                    ],
                    [
                        -3.350296,
                        48.872051
                    ],
                    [
                        -3.348993,
                        48.872531
                    ],
                    [
                        -3.347556,
                        48.872928
                    ],
                    [
                        -3.346083,
                        48.873325
                    ],
                    [
                        -3.344619,
                        48.87371
                    ],
                    [
                        -3.343217,
                        48.874167
                    ],
                    [
                        -3.341771,
                        48.874575
                    ],
                    [
                        -3.340307,
                        48.874966
                    ],
                    [
                        -3.338807,
                        48.875358
                    ],
                    [
                        -3.337271,
                        48.875701
                    ],
                    [
                        -3.335735,
                        48.876069
                    ],
                    [
                        -3.334234,
                        48.876448
                    ],
                    [
                        -3.332707,
                        48.876833
                    ],
                    [
                        -3.331153,
                        48.877188
                    ],
                    [
                        -3.329626,
                        48.877568
                    ],
                    [
                        -3.328126,
                        48.877888
                    ],
                    [
                        -3.326734,
                        48.878231
                    ],
                    [
                        -3.32527,
                        48.878504
                    ],
                    [
                        -3.323868,
                        48.878812
                    ],
                    [
                        -3.322458,
                        48.879108
                    ],
                    [
                        -3.320967,
                        48.879351
                    ],
                    [
                        -3.319548,
                        48.879641
                    ],
                    [
                        -3.318164,
                        48.879973
                    ],
                    [
                        -3.316736,
                        48.879914
                    ],
                    [
                        -3.315496,
                        48.879795
                    ],
                    [
                        -3.314176,
                        48.879695
                    ],
                    [
                        -3.312837,
                        48.879624
                    ],
                    [
                        -3.311526,
                        48.879635
                    ],
                    [
                        -3.310214,
                        48.879647
                    ],
                    [
                        -3.308984,
                        48.879641
                    ],
                    [
                        -3.307762,
                        48.879671
                    ],
                    [
                        -3.306505,
                        48.879701
                    ],
                    [
                        -3.305202,
                        48.879902
                    ],
                    [
                        -3.303756,
                        48.880056
                    ],
                    [
                        -3.302301,
                        48.880181
                    ],
                    [
                        -3.300827,
                        48.880275
                    ],
                    [
                        -3.299399,
                        48.880388
                    ],
                    [
                        -3.298007,
                        48.880666
                    ],
                    [
                        -3.296552,
                        48.880791
                    ],
                    [
                        -3.295213,
                        48.881081
                    ],
                    [
                        -3.293884,
                        48.881365
                    ],
                    [
                        -3.29242,
                        48.881496
                    ],
                    [
                        -3.291018,
                        48.881561
                    ],
                    [
                        -3.289644,
                        48.88162
                    ],
                    [
                        -3.288323,
                        48.881839
                    ],
                    [
                        -3.28703,
                        48.881893
                    ],
                    [
                        -3.285799,
                        48.881928
                    ],
                    [
                        -3.284901,
                        48.882213
                    ],
                    [
                        -3.284012,
                        48.882491
                    ],
                    [
                        -3.283131,
                        48.88277
                    ],
                    [
                        -3.282305,
                        48.883042
                    ],
                    [
                        -3.281532,
                        48.883315
                    ],
                    [
                        -3.280517,
                        48.883415
                    ],
                    [
                        -3.279403,
                        48.883492
                    ],
                    [
                        -3.27829,
                        48.883498
                    ],
                    [
                        -3.277284,
                        48.883492
                    ],
                    [
                        -3.276358,
                        48.883534
                    ],
                    [
                        -3.275586,
                        48.883605
                    ],
                    [
                        -3.275083,
                        48.883771
                    ],
                    [
                        -3.27458,
                        48.88383
                    ],
                    [
                        -3.274086,
                        48.883836
                    ],
                    [
                        -3.273574,
                        48.88386
                    ],
                    [
                        -3.273133,
                        48.883866
                    ],
                    [
                        -3.272684,
                        48.883871
                    ],
                    [
                        -3.272262,
                        48.883919
                    ],
                    [
                        -3.271876,
                        48.883978
                    ],
                    [
                        -3.271508,
                        48.884037
                    ],
                    [
                        -3.271148,
                        48.884103
                    ],
                    [
                        -3.270807,
                        48.884138
                    ],
                    [
                        -3.270475,
                        48.88418
                    ],
                    [
                        -3.270133,
                        48.884251
                    ],
                    [
                        -3.26981,
                        48.88431
                    ],
                    [
                        -3.269459,
                        48.884369
                    ],
                    [
                        -3.269136,
                        48.884417
                    ],
                    [
                        -3.268777,
                        48.884476
                    ],
                    [
                        -3.268462,
                        48.884529
                    ],
                    [
                        -3.268148,
                        48.884559
                    ],
                    [
                        -3.267834,
                        48.884571
                    ],
                    [
                        -3.267474,
                        48.884576
                    ],
                    [
                        -3.26707,
                        48.884606
                    ],
                    [
                        -3.266675,
                        48.884653
                    ],
                    [
                        -3.266289,
                        48.884689
                    ],
                    [
                        -3.265929,
                        48.884719
                    ],
                    [
                        -3.265552,
                        48.884742
                    ],
                    [
                        -3.265175,
                        48.884754
                    ],
                    [
                        -3.264788,
                        48.884778
                    ],
                    [
                        -3.264429,
                        48.88479
                    ],
                    [
                        -3.264043,
                        48.88479
                    ],
                    [
                        -3.263531,
                        48.88479
                    ],
                    [
                        -3.262722,
                        48.884867
                    ],
                    [
                        -3.26186,
                        48.885039
                    ],
                    [
                        -3.260854,
                        48.885199
                    ],
                    [
                        -3.259776,
                        48.885329
                    ],
                    [
                        -3.258698,
                        48.885406
                    ],
                    [
                        -3.257638,
                        48.885424
                    ],
                    [
                        -3.256578,
                        48.885631
                    ],
                    [
                        -3.255437,
                        48.885791
                    ],
                    [
                        -3.254359,
                        48.885945
                    ],
                    [
                        -3.253371,
                        48.886022
                    ],
                    [
                        -3.252302,
                        48.886158
                    ],
                    [
                        -3.251287,
                        48.886289
                    ],
                    [
                        -3.250272,
                        48.886312
                    ],
                    [
                        -3.249284,
                        48.886419
                    ],
                    [
                        -3.248314,
                        48.886537
                    ],
                    [
                        -3.247335,
                        48.886614
                    ],
                    [
                        -3.246401,
                        48.88668
                    ],
                    [
                        -3.245466,
                        48.886792
                    ],
                    [
                        -3.244496,
                        48.886916
                    ],
                    [
                        -3.24349,
                        48.886958
                    ],
                    [
                        -3.242529,
                        48.886976
                    ],
                    [
                        -3.241604,
                        48.887195
                    ],
                    [
                        -3.240724,
                        48.887361
                    ],
                    [
                        -3.23987,
                        48.887438
                    ],
                    [
                        -3.239017,
                        48.887438
                    ],
                    [
                        -3.238145,
                        48.887562
                    ],
                    [
                        -3.23731,
                        48.887722
                    ],
                    [
                        -3.236475,
                        48.887929
                    ],
                    [
                        -3.235657,
                        48.888131
                    ],
                    [
                        -3.234786,
                        48.888356
                    ],
                    [
                        -3.233924,
                        48.888486
                    ],
                    [
                        -3.233088,
                        48.888551
                    ],
                    [
                        -3.231875,
                        48.888818
                    ],
                    [
                        -3.231004,
                        48.888806
                    ],
                    [
                        -3.230133,
                        48.888913
                    ],
                    [
                        -3.229243,
                        48.889138
                    ],
                    [
                        -3.228345,
                        48.889375
                    ],
                    [
                        -3.227465,
                        48.889624
                    ],
                    [
                        -3.22654,
                        48.889855
                    ],
                    [
                        -3.225668,
                        48.890086
                    ],
                    [
                        -3.224797,
                        48.89037
                    ],
                    [
                        -3.2238,
                        48.890465
                    ],
                    [
                        -3.222875,
                        48.890637
                    ],
                    [
                        -3.221994,
                        48.890927
                    ],
                    [
                        -3.221186,
                        48.891235
                    ],
                    [
                        -3.220413,
                        48.891413
                    ],
                    [
                        -3.219713,
                        48.89162
                    ],
                    [
                        -3.219021,
                        48.891803
                    ],
                    [
                        -3.218302,
                        48.89207
                    ],
                    [
                        -3.217467,
                        48.892366
                    ],
                    [
                        -3.21656,
                        48.892668
                    ],
                    [
                        -3.215662,
                        48.892959
                    ],
                    [
                        -3.21479,
                        48.893249
                    ],
                    [
                        -3.213928,
                        48.893438
                    ],
                    [
                        -3.213003,
                        48.89364
                    ],
                    [
                        -3.212041,
                        48.893758
                    ],
                    [
                        -3.211152,
                        48.894031
                    ],
                    [
                        -3.21029,
                        48.894202
                    ],
                    [
                        -3.209472,
                        48.894433
                    ],
                    [
                        -3.208547,
                        48.894611
                    ],
                    [
                        -3.207658,
                        48.894747
                    ],
                    [
                        -3.206751,
                        48.895002
                    ],
                    [
                        -3.205852,
                        48.895174
                    ],
                    [
                        -3.204954,
                        48.89534
                    ],
                    [
                        -3.203993,
                        48.89547
                    ],
                    [
                        -3.203014,
                        48.895494
                    ],
                    [
                        -3.202017,
                        48.895464
                    ],
                    [
                        -3.201038,
                        48.895423
                    ],
                    [
                        -3.200049,
                        48.895464
                    ],
                    [
                        -3.199043,
                        48.895642
                    ],
                    [
                        -3.198055,
                        48.895778
                    ],
                    [
                        -3.197094,
                        48.895867
                    ],
                    [
                        -3.196097,
                        48.895902
                    ],
                    [
                        -3.195127,
                        48.89579
                    ],
                    [
                        -3.194112,
                        48.895754
                    ],
                    [
                        -3.193196,
                        48.895541
                    ],
                    [
                        -3.192351,
                        48.895221
                    ],
                    [
                        -3.191471,
                        48.894961
                    ],
                    [
                        -3.190447,
                        48.894889
                    ],
                    [
                        -3.18945,
                        48.894818
                    ],
                    [
                        -3.18856,
                        48.894647
                    ],
                    [
                        -3.188183,
                        48.894191
                    ],
                    [
                        -3.187644,
                        48.89377
                    ],
                    [
                        -3.187033,
                        48.893373
                    ],
                    [
                        -3.186449,
                        48.892964
                    ],
                    [
                        -3.185901,
                        48.892556
                    ],
                    [
                        -3.185434,
                        48.892094
                    ],
                    [
                        -3.184949,
                        48.891626
                    ],
                    [
                        -3.184563,
                        48.891116
                    ],
                    [
                        -3.18424,
                        48.890613
                    ],
                    [
                        -3.18362,
                        48.890246
                    ],
                    [
                        -3.182973,
                        48.889932
                    ],
                    [
                        -3.182326,
                        48.889582
                    ],
                    [
                        -3.181671,
                        48.88925
                    ],
                    [
                        -3.181248,
                        48.888747
                    ],
                    [
                        -3.180835,
                        48.888232
                    ],
                    [
                        -3.180386,
                        48.887764
                    ],
                    [
                        -3.179919,
                        48.887296
                    ],
                    [
                        -3.179515,
                        48.886804
                    ],
                    [
                        -3.179137,
                        48.886377
                    ],
                    [
                        -3.178679,
                        48.885963
                    ],
                    [
                        -3.178113,
                        48.885613
                    ],
                    [
                        -3.177637,
                        48.885199
                    ],
                    [
                        -3.177116,
                        48.884819
                    ],
                    [
                        -3.176434,
                        48.884594
                    ],
                    [
                        -3.175706,
                        48.884369
                    ],
                    [
                        -3.175032,
                        48.884114
                    ],
                    [
                        -3.174395,
                        48.883794
                    ],
                    [
                        -3.173838,
                        48.883445
                    ],
                    [
                        -3.173029,
                        48.883291
                    ],
                    [
                        -3.172346,
                        48.882959
                    ],
                    [
                        -3.171816,
                        48.882562
                    ],
                    [
                        -3.171197,
                        48.882201
                    ],
                    [
                        -3.17055,
                        48.881869
                    ],
                    [
                        -3.170011,
                        48.881448
                    ],
                    [
                        -3.169571,
                        48.880992
                    ],
                    [
                        -3.169113,
                        48.880548
                    ],
                    [
                        -3.168529,
                        48.880192
                    ],
                    [
                        -3.1679,
                        48.879867
                    ],
                    [
                        -3.167514,
                        48.879375
                    ],
                    [
                        -3.167172,
                        48.878865
                    ],
                    [
                        -3.166714,
                        48.878403
                    ],
                    [
                        -3.166382,
                        48.877876
                    ],
                    [
                        -3.165879,
                        48.877443
                    ],
                    [
                        -3.165349,
                        48.877017
                    ],
                    [
                        -3.165376,
                        48.876472
                    ],
                    [
                        -3.165618,
                        48.875915
                    ],
                    [
                        -3.165645,
                        48.875346
                    ],
                    [
                        -3.165699,
                        48.874795
                    ],
                    [
                        -3.16569,
                        48.87425
                    ],
                    [
                        -3.166041,
                        48.873746
                    ],
                    [
                        -3.166148,
                        48.873189
                    ],
                    [
                        -3.166328,
                        48.872626
                    ],
                    [
                        -3.166328,
                        48.872075
                    ],
                    [
                        -3.166373,
                        48.871506
                    ],
                    [
                        -3.166606,
                        48.870949
                    ],
                    [
                        -3.166319,
                        48.870493
                    ],
                    [
                        -3.16578,
                        48.870161
                    ],
                    [
                        -3.165582,
                        48.869651
                    ],
                    [
                        -3.165987,
                        48.869118
                    ],
                    [
                        -3.166696,
                        48.86875
                    ],
                    [
                        -3.167424,
                        48.868401
                    ],
                    [
                        -3.168268,
                        48.868199
                    ],
                    [
                        -3.169041,
                        48.867998
                    ],
                    [
                        -3.169544,
                        48.867553
                    ],
                    [
                        -3.17002,
                        48.867097
                    ],
                    [
                        -3.170478,
                        48.866623
                    ],
                    [
                        -3.170963,
                        48.866161
                    ],
                    [
                        -3.171466,
                        48.865698
                    ],
                    [
                        -3.171906,
                        48.865224
                    ],
                    [
                        -3.172364,
                        48.864762
                    ],
                    [
                        -3.172814,
                        48.864288
                    ],
                    [
                        -3.173182,
                        48.863772
                    ],
                    [
                        -3.173604,
                        48.863263
                    ],
                    [
                        -3.17408,
                        48.862759
                    ],
                    [
                        -3.174583,
                        48.862279
                    ],
                    [
                        -3.17523,
                        48.861864
                    ],
                    [
                        -3.175949,
                        48.861461
                    ],
                    [
                        -3.176793,
                        48.861206
                    ],
                    [
                        -3.177539,
                        48.861159
                    ],
                    [
                        -3.178176,
                        48.861129
                    ],
                    [
                        -3.178563,
                        48.861081
                    ],
                    [
                        -3.178634,
                        48.861046
                    ],
                    [
                        -3.178679,
                        48.860975
                    ],
                    [
                        -3.178697,
                        48.860963
                    ],
                    [
                        -3.178706,
                        48.860963
                    ],
                    [
                        -3.178706,
                        48.860963
                    ],
                    [
                        -3.178706,
                        48.860963
                    ],
                    [
                        -3.178715,
                        48.860975
                    ],
                    [
                        -3.178724,
                        48.860975
                    ],
                    [
                        -3.178733,
                        48.860981
                    ],
                    [
                        -3.178733,
                        48.860981
                    ],
                    [
                        -3.178733,
                        48.860987
                    ],
                    [
                        -3.178742,
                        48.860987
                    ],
                    [
                        -3.178742,
                        48.860993
                    ],
                    [
                        -3.178742,
                        48.860993
                    ],
                    [
                        -3.178742,
                        48.860998
                    ],
                    [
                        -3.178751,
                        48.860998
                    ],
                    [
                        -3.178751,
                        48.860998
                    ],
                    [
                        -3.178751,
                        48.860998
                    ],
                    [
                        -3.17876,
                        48.860998
                    ],
                    [
                        -3.17876,
                        48.860998
                    ],
                    [
                        -3.17876,
                        48.860998
                    ],
                    [
                        -3.17876,
                        48.860998
                    ],
                    [
                        -3.17876,
                        48.860998
                    ],
                    [
                        -3.17876,
                        48.860993
                    ],
                    [
                        -3.178751,
                        48.860993
                    ],
                    [
                        -3.178751,
                        48.860993
                    ],
                    [
                        -3.178751,
                        48.860993
                    ],
                    [
                        -3.178751,
                        48.860993
                    ],
                    [
                        -3.178751,
                        48.860987
                    ],
                    [
                        -3.178751,
                        48.860987
                    ],
                    [
                        -3.178751,
                        48.860987
                    ],
                    [
                        -3.178742,
                        48.860981
                    ],
                    [
                        -3.178742,
                        48.860981
                    ],
                    [
                        -3.178742,
                        48.860981
                    ],
                    [
                        -3.178742,
                        48.860981
                    ],
                    [
                        -3.178742,
                        48.860981
                    ],
                    [
                        -3.178742,
                        48.860981
                    ],
                    [
                        -3.178742,
                        48.860975
                    ],
                    [
                        -3.178742,
                        48.860969
                    ],
                    [
                        -3.178742,
                        48.860969
                    ],
                    [
                        -3.178742,
                        48.860969
                    ],
                    [
                        -3.178742,
                        48.860969
                    ],
                    [
                        -3.178742,
                        48.860969
                    ],
                    [
                        -3.178742,
                        48.860969
                    ],
                    [
                        -3.178742,
                        48.860969
                    ],
                    [
                        -3.178742,
                        48.860969
                    ],
                    [
                        -3.178742,
                        48.860969
                    ],
                    [
                        -3.178742,
                        48.860963
                    ],
                    [
                        -3.178733,
                        48.860963
                    ],
                    [
                        -3.178733,
                        48.860963
                    ],
                    [
                        -3.178733,
                        48.860963
                    ],
                    [
                        -3.178733,
                        48.860963
                    ],
                    [
                        -3.178733,
                        48.860963
                    ],
                    [
                        -3.178733,
                        48.860963
                    ],
                    [
                        -3.178724,
                        48.860957
                    ],
                    [
                        -3.178724,
                        48.860951
                    ],
                    [
                        -3.178724,
                        48.860951
                    ],
                    [
                        -3.178724,
                        48.860951
                    ],
                    [
                        -3.178724,
                        48.860951
                    ],
                    [
                        -3.178724,
                        48.860945
                    ],
                    [
                        -3.178715,
                        48.860945
                    ],
                    [
                        -3.178715,
                        48.860945
                    ],
                    [
                        -3.178715,
                        48.860945
                    ],
                    [
                        -3.178715,
                        48.860945
                    ],
                    [
                        -3.178724,
                        48.860945
                    ],
                    [
                        -3.178715,
                        48.860939
                    ],
                    [
                        -3.178715,
                        48.860939
                    ],
                    [
                        -3.178706,
                        48.860939
                    ],
                    [
                        -3.178706,
                        48.860939
                    ],
                    [
                        -3.178715,
                        48.860933
                    ],
                    [
                        -3.178715,
                        48.860933
                    ],
                    [
                        -3.178706,
                        48.860939
                    ],
                    [
                        -3.178706,
                        48.860933
                    ],
                    [
                        -3.178706,
                        48.860933
                    ],
                    [
                        -3.178706,
                        48.860933
                    ],
                    [
                        -3.178706,
                        48.860933
                    ],
                    [
                        -3.178697,
                        48.860927
                    ],
                    [
                        -3.178697,
                        48.860927
                    ],
                    [
                        -3.178697,
                        48.860927
                    ],
                    [
                        -3.178697,
                        48.860927
                    ],
                    [
                        -3.178697,
                        48.860927
                    ],
                    [
                        -3.178697,
                        48.860927
                    ],
                    [
                        -3.178697,
                        48.860927
                    ],
                    [
                        -3.178697,
                        48.860927
                    ],
                    [
                        -3.178697,
                        48.860921
                    ],
                    [
                        -3.178688,
                        48.860921
                    ],
                    [
                        -3.178688,
                        48.860921
                    ],
                    [
                        -3.178688,
                        48.860921
                    ],
                    [
                        -3.178697,
                        48.860921
                    ],
                    [
                        -3.178697,
                        48.860921
                    ],
                    [
                        -3.178697,
                        48.860921
                    ],
                    [
                        -3.178706,
                        48.860927
                    ],
                    [
                        -3.178706,
                        48.860927
                    ],
                    [
                        -3.178706,
                        48.860927
                    ],
                    [
                        -3.178697,
                        48.860921
                    ],
                    [
                        -3.178688,
                        48.860921
                    ],
                    [
                        -3.178688,
                        48.860921
                    ],
                    [
                        -3.178688,
                        48.860921
                    ],
                    [
                        -3.178697,
                        48.860927
                    ],
                    [
                        -3.178706,
                        48.860927
                    ],
                    [
                        -3.178706,
                        48.860927
                    ],
                    [
                        -3.178706,
                        48.860927
                    ],
                    [
                        -3.178715,
                        48.860933
                    ],
                    [
                        -3.178706,
                        48.860933
                    ],
                    [
                        -3.178706,
                        48.860933
                    ],
                    [
                        -3.178706,
                        48.860933
                    ],
                    [
                        -3.178697,
                        48.860927
                    ],
                    [
                        -3.178688,
                        48.860927
                    ],
                    [
                        -3.178679,
                        48.860921
                    ],
                    [
                        -3.178679,
                        48.860921
                    ],
                    [
                        -3.178679,
                        48.860921
                    ],
                    [
                        -3.178679,
                        48.860921
                    ],
                    [
                        -3.178688,
                        48.860921
                    ],
                    [
                        -3.178688,
                        48.860921
                    ],
                    [
                        -3.178688,
                        48.860921
                    ],
                    [
                        -3.178688,
                        48.860921
                    ],
                    [
                        -3.178688,
                        48.860921
                    ],
                    [
                        -3.178688,
                        48.860921
                    ],
                    [
                        -3.178697,
                        48.860927
                    ],
                    [
                        -3.178697,
                        48.860921
                    ],
                    [
                        -3.178697,
                        48.860921
                    ],
                    [
                        -3.178697,
                        48.860921
                    ],
                    [
                        -3.178697,
                        48.860921
                    ],
                    [
                        -3.178697,
                        48.860921
                    ],
                    [
                        -3.178697,
                        48.860921
                    ],
                    [
                        -3.178697,
                        48.860921
                    ],
                    [
                        -3.178688,
                        48.860921
                    ],
                    [
                        -3.178697,
                        48.860921
                    ],
                    [
                        -3.178697,
                        48.860921
                    ],
                    [
                        -3.178697,
                        48.860921
                    ],
                    [
                        -3.178706,
                        48.860927
                    ],
                    [
                        -3.178706,
                        48.860927
                    ],
                    [
                        -3.178706,
                        48.860927
                    ],
                    [
                        -3.178715,
                        48.860927
                    ],
                    [
                        -3.178706,
                        48.860921
                    ],
                    [
                        -3.178706,
                        48.860921
                    ],
                    [
                        -3.178697,
                        48.860921
                    ],
                    [
                        -3.178679,
                        48.860916
                    ],
                    [
                        -3.17867,
                        48.86091
                    ],
                    [
                        -3.178661,
                        48.86091
                    ],
                    [
                        -3.178652,
                        48.860916
                    ],
                    [
                        -3.178652,
                        48.860916
                    ],
                    [
                        -3.178634,
                        48.860916
                    ],
                    [
                        -3.178625,
                        48.860916
                    ],
                    [
                        -3.178616,
                        48.860916
                    ],
                    [
                        -3.178616,
                        48.860916
                    ],
                    [
                        -3.178616,
                        48.860921
                    ],
                    [
                        -3.178607,
                        48.860927
                    ],
                    [
                        -3.178607,
                        48.860927
                    ],
                    [
                        -3.178607,
                        48.860939
                    ],
                    [
                        -3.178607,
                        48.860939
                    ],
                    [
                        -3.178616,
                        48.860945
                    ],
                    [
                        -3.178616,
                        48.860957
                    ],
                    [
                        -3.178616,
                        48.860963
                    ],
                    [
                        -3.178616,
                        48.860963
                    ],
                    [
                        -3.178625,
                        48.860975
                    ],
                    [
                        -3.178643,
                        48.860987
                    ],
                    [
                        -3.178661,
                        48.861004
                    ],
                    [
                        -3.178661,
                        48.861004
                    ],
                    [
                        -3.178679,
                        48.86101
                    ],
                    [
                        -3.178679,
                        48.86101
                    ],
                    [
                        -3.17867,
                        48.861022
                    ],
                    [
                        -3.178652,
                        48.86104
                    ],
                    [
                        -3.178616,
                        48.861034
                    ],
                    [
                        -3.178616,
                        48.861034
                    ],
                    [
                        -3.178598,
                        48.861028
                    ],
                    [
                        -3.178643,
                        48.860987
                    ],
                    [
                        -3.178688,
                        48.861004
                    ],
                    [
                        -3.17867,
                        48.861022
                    ],
                    [
                        -3.178679,
                        48.861034
                    ],
                    [
                        -3.178697,
                        48.861064
                    ],
                    [
                        -3.178706,
                        48.861064
                    ],
                    [
                        -3.17867,
                        48.86101
                    ],
                    [
                        -3.178634,
                        48.86101
                    ],
                    [
                        -3.178634,
                        48.86101
                    ],
                    [
                        -3.178616,
                        48.861016
                    ],
                    [
                        -3.178554,
                        48.86101
                    ],
                    [
                        -3.178545,
                        48.861004
                    ],
                    [
                        -3.178652,
                        48.860993
                    ],
                    [
                        -3.178679,
                        48.861016
                    ],
                    [
                        -3.178652,
                        48.861046
                    ],
                    [
                        -3.178652,
                        48.861064
                    ],
                    [
                        -3.178661,
                        48.861076
                    ],
                    [
                        -3.178697,
                        48.86107
                    ],
                    [
                        -3.178643,
                        48.861028
                    ],
                    [
                        -3.178607,
                        48.861028
                    ],
                    [
                        -3.178598,
                        48.861028
                    ],
                    [
                        -3.178598,
                        48.861028
                    ],
                    [
                        -3.178572,
                        48.86101
                    ],
                    [
                        -3.178643,
                        48.860987
                    ],
                    [
                        -3.178688,
                        48.861022
                    ],
                    [
                        -3.178679,
                        48.861034
                    ],
                    [
                        -3.178679,
                        48.861046
                    ],
                    [
                        -3.178679,
                        48.861052
                    ],
                    [
                        -3.178661,
                        48.86101
                    ],
                    [
                        -3.178572,
                        48.861004
                    ],
                    [
                        -3.178554,
                        48.86101
                    ],
                    [
                        -3.178527,
                        48.861004
                    ],
                    [
                        -3.178527,
                        48.860993
                    ],
                    [
                        -3.178634,
                        48.860993
                    ],
                    [
                        -3.178688,
                        48.861028
                    ],
                    [
                        -3.178688,
                        48.861052
                    ],
                    [
                        -3.178679,
                        48.861087
                    ],
                    [
                        -3.178688,
                        48.861087
                    ],
                    [
                        -3.178652,
                        48.861022
                    ],
                    [
                        -3.17859,
                        48.861022
                    ],
                    [
                        -3.178581,
                        48.861022
                    ],
                    [
                        -3.178563,
                        48.861022
                    ]
                ]
            }
        }
    ]
}